1631;1298694;1057;AMAN1;AM ANTHROPOL;;;
1633;1300624;3;AMAN1;AMER ANTHROPOL;;;
1634;1309087;38;AMAN2;AMER ANTIQ;;;
1632;1299183;726;AMAN2;AM ANTIQUITY;;;
1727;1297363;1073;ANASAMGE;ANN ASSOC AM GEOGR;;;
1729;1302854;66;ANASAMGE;ANN ASSN AMER GEOGR;;;
1763;1298516;139;AUALCO;AUGMENT ALTERN COMM;;;
1764;1298520;7;AUALCO;AUGMENT ALTERN COMMUN;;;
1882;1298690;406;AUAGMU;AUTON AGENT MULTI-AG;;;
1883;1317904;3;AUAGMU;AUTON AGENT MULTIAGE;;;
2047;1298952;619;AGBE1;AGGRESSIVE BEHAV;;;
2048;1300845;30;AGBE1;AGGRESS BEHAV;;;
2063;1299025;6529;ANBE2;ANIM BEHAV;;;
2064;1310896;12;ANBE2;ANIMAL BEHAVIOUR;;;
2164;1297551;834;ANBEME;ANN BEHAV MED;;;
2165;1304172;43;ANBEME;ANN BEHAVIORAL MED;;;
2225;1297290;2501;AMBESC;AM BEHAV SCI;;;
2226;1300715;356;AMBESC;AMER BEHAV SCI;;;
2227;1310472;4;AMBESC;AM BEHAVIORAL SCI;;;
2307;1311657;156;ANCO;ANIM COGN;;;
2309;1317743;13;ANCO;ANIMAL COGNITION;;;
2570;1302722;133;ARCARE;ARTHRIT CARE RES;;;
2571;1351108;3;ARCARE;ARTHRITIS CARE RES;;;
2715;1297594;157;ARDICH;ARCH DIS CHILD;;;
2716;1299999;22;ARDICH;ARCH DIS CHILD-FETAL;;;
2717;1349576;3;ARDICH;ARCH DIS CHILDHOOD-E;;;
2738;1314247;127;ADDEHURE;ADV DEV HUM RESOUR;;;
2739;1314249;45;ADDEHURE;ADV DEV HUMAN RESOUR;;;
2784;1312147;198;ADDASY;ADV DATABASE SYST;;;
2785;1324125;4;ADDASY;ADV DATABASE SYSTEMS;;;
2834;1302943;121;AGEC;AGR ECON;;;
2835;1303525;20;AGEC;AGR EC;;;
2836;1314580;170;AGEC;AGR ECON-BLACKWELL;;;
2850;1297286;406;AMET;AM ETHNOL;;;
2851;1307381;16;AMET;AMER ETHNOLOGIST;;;
2852;1310493;3;AMET;AM ETHNOLOGIST;;;
2866;1297253;256;APEC;APPL ECON;;;
2867;1300795;3;APEC;APPLIED EC;;;
3104;1297251;5199;AMECRE;AM ECON REV;;;
3105;1297920;537;AMECRE;AMER ECON REV;;;
3106;1310942;3;AMECRE;AM EC REV;;;
3147;1298709;361;ADEXSOPS;ADV EXP SOC PSYCHOL;;;
3148;1299050;351;ADEXSOPS;ADV EXPT SOCIAL PSYC;;;
3336;1299542;252;ARGEGE;ARCH GERONTOL GERIAT;;;
3337;1299904;45;ARGEGE;ARCH GERONTOL GERIATR;;;
3356;1297870;225;ADGRPR;ADV GROUP PROCESSES;;;
3357;1311539;53;ADGRPR;ADV GROUP PROCESS;;;
3360;1297528;2394;ARGEPS;ARCH GEN PSYCHIAT;;;
3362;1310504;12;ARGEPS;ARCH GENERAL PSYCHIA;;;
3363;1310567;3;ARGEPS;ARCH GEN PSYCHIATRY;;;
3444;1304773;107;ATHUDE;ATTACH HUM DEV;;;
3443;1300745;23;ATHUDE;ATTACHMENT HUMAN DEV;;;
3495;1312960;413;ADHONE;AD HOC NETW;;;
3496;1316580;20;ADHONE;AD HOC NETWORKS;;;
3544;1299349;266;AGHUVA;AGR HUM VALUES;;;
3545;1301493;28;AGHUVA;AGRIC HUMAN VALUES;;;
3563;1298361;100;AGIN;AGEING INT;;;
3564;1304204;8;AGIN;AGING INT;;;
3566;1312882;3;AGIN;AGEING INTERNATIONAL;;;
3798;1311931;200;ADINSY;ADV INTELL SYST;;;
3799;1314087;24;ADINSY;ADV INTELLIGENT SYST;;;
3922;1297535;203;AMJAD;AM J ADDICTION;;;
3923;1300898;20;AMJAD;AMER J ADDICTION;;;
3929;1299212;7;AUJAG;AUSTRALASIAN J AGEIN;;;
3930;1300348;111;AUJAG;AUSTRALAS J AGEING;;;
3931;1301593;15;AUJAG;AUST J AGEING;;;
3932;1304843;4;AUJAG;AUSTR J AGEING;;;
4018;1312914;4;ASJCO;ASIAN J COUNSELLING;;;
4020;1317031;3;ASJCO;ASIAN J COUNSELING;;;
4071;1297402;3282;AMJCOPS;AM J COMMUN PSYCHOL;;;
4072;1297538;419;AMJCOPS;AMER J COMMUN PSYCHOL;;;
4076;1310488;6;AMJCOPS;AM J COMMUNITY PSYCH;;;
4093;1297553;608;AMJDRALAB;AM J DRUG ALCOHOL AB;;;
4094;1300210;136;AMJDRALAB;AMER J DRUG ALCOHOL ABUSE;;;
4096;1301854;160;AMJDIED;AM J DISTANCE ED;;;
4097;1315129;68;AMJDIED;AM J DISTANCE EDUC;;;
4109;1297247;4347;AMJEP;AM J EPIDEMIOL;;;
4110;1297791;1707;AMJEP;AMER J EPIDEMIOL;;;
4152;1299109;211;AMJECSO;AM J ECON SOCIOL;;;
4153;1302978;54;AMJECSO;AMER J ECON SOCIOL;;;
4188;1299141;391;AMJGEPS;AM J GERIAT PSYCHIAT;;;
4189;1299905;23;AMJGEPS;AM J GERIATRIC PSYCH;;;
4190;1302259;12;AMJGEPS;AMER J GERIATR PSYCHIATR;;;
4191;1304932;14;AMJGEPS;AM J GERIATR PSYCHIA;;;
4192;1314551;7;AMJGEPS;AM J GERIATR PSYCHIATRY;;;
4293;1304624;135;AMJKIDI;AM J KIDNEY DIS;;;
4294;1306762;6;AMJKIDI;AMER J KIDNEY DIS;;;
4333;1298744;134;AMJMEDE;AM J MENT DEFIC;;;
4335;1317279;7;AMJMEDE;AM J MENT DEF;;;
4356;1298600;284;AMJMERE;AM J MENT RETARD;;;
4357;1301599;34;AMJMERE;AMER J MENT RETARD;;;
4382;1297386;820;AMJOR;AM J ORTHOPSYCHIAT;;;
4383;1300902;9;AMJOR;AMER J ORTHOPSYCHIAT;;;
4385;1310531;5;AMJOR;AM J ORTHOPSYCHIATRY;;;
4457;1298079;153;AMJOCTH;AM J OCCUP THER;;;
4458;1302108;3;AMJOCTH;AMER J OCCUP THER;;;
4459;1308014;8;AMJOCTH;AM J OCCUPATIONAL TH;;;
4467;1299196;139;AMJPH;AM J PHYS;;;
4468;1304747;7;AMJPH;AMER J PHYS;;;
4476;1298134;1128;AMJPR;AM J PRIMATOL;;;
4478;1297490;2339;AMJPS1;AM J PSYCHIAT;;;
4482;1304605;203;AMJPS1;AMER J PSYCHIAT;;;
4485;1310510;7;AMJPS1;AM J PSYCHIATRY;;;
4479;1297849;51;AMJPS2;AM J PSYCHOTHER;;;
4486;1310617;6;AMJPS2;AM J PSYCHOTHERAPY;;;
4505;1300311;115;AUJPS;AUST J PSYCHOL;;;
4506;1311588;5;AUJPS;AUSTR J PSYCHOL;;;
4508;1300028;327;AMJPHAN;AM J PHYS ANTHROPOL;;;
4509;1300860;12;AMJPHAN;AMER J PHYS ANTHROPOL;;;
4525;1297320;7512;AMJPUHE;AM J PUBLIC HEALTH;;;
4526;1300835;483;AMJPUHE;AMER J PUBLIC HEALTH;;;
4551;1297308;2179;AMJPRME;AM J PREV MED;;;
4552;1299777;46;AMJPRME;AMER J PREV MED;;;
4571;1297423;2571;AMJPOSC;AM J POLIT SCI;;;
4572;1298223;235;AMJPOSC;AMER J POLIT SCI;;;
4622;1297164;168906;AMJSO;AM J SOCIOL;;;
4624;1301542;14045;AMJSO;AMER J SOCIOL;;;
4625;1307074;4522;AMJSO;AM J SOCIOLOGY;;;
4626;1310579;15;AMJSO;AM J SOC;;;
4778;1298989;236;ARLI;ARTIF LIFE;;;
4779;1309540;20;ARLI;ARTIFICIAL LIFE;;;
5028;1312503;611;ACMAAN;ACAD MANAG ANN;;;
5029;1313000;17;ACMAAN;ACAD MANAGEMENT ANN;;;
5090;1297460;208;ACMAEX;ACAD MANAGEMENT EXEC;;;
5091;1298198;308;ACMAEX;ACAD MANAGE EXEC;;;
5175;1298345;214;ACMALEED;ACAD MANAG LEARN EDU;;;
5176;1301190;3;ACMALEED;ACAD MANAG LEARN EDUC;;;
5215;1302450;296;ACMAPE;ACAD MANAGE PERSPECT;;;
5216;1316749;9;ACMAPE;ACAD MANAGEMENT PERS;;;
5232;1297170;12961;ACMARE;ACAD MANAGE REV;;;
5233;1328472;4;ACMARE;ACAD MANAGEMENT REV;;;
5419;1297664;455;ADNEINPR;ADV NEURAL INFORM PR;;;
5417;1301761;238;ADNEINPR;ADV NEUR IN;;;
5418;1304420;8;ADNEINPR;ADV NEURAL INFORMATI;;;
5420;1299327;3;ADNEINPR;ADV NEURAL INFOR PRO;;;
5421;1314632;30;ADNEINPR;ADV NEUR INFORM PROC;;;
5422;1314921;79;ADNEINPR;ADV NEURAL INF PROCE;;;
5441;1298505;477;AUNZJPS;AUST NZ J PSYCHIAT;;;
5442;1298507;9;AUNZJPS;AUSTR NZ J PSYCHIATR;;;
5443;1304681;19;AUNZJPS;AUSTR NZ J PSYCHIAT;;;
5482;1298584;170;ADNUSC;ADV NURS SCI;;;
5483;1310495;4;ADNUSC;ADVAN NURS SCI;;;
5618;1298708;265;ACORSO;ACCOUNT ORG SOC;;;
5619;1308691;5;ACORSO;ACCOUNT ORGAN SOC;;;
5670;1297992;424;ADPH;ADV PHYS;;;
5671;1300811;125;ADPH;ADVAN PHYS;;;
5699;1297143;4380;AMPS;AM PSYCHOL;;;
5700;1304957;185;AMPS;AMER PSYCHOL;;;
5834;1297554;893;ARPEADME;ARCH PEDIAT ADOL MED;;;
5835;1306039;38;ARPEADME;ARCH PEDIATR ADOLESC MED;;;
5945;1313503;215;ASPAJMA;ASIA PAC J MANAG;;;
5944;1298630;145;ASPAJMA;ASIA PACIFIC J MANAG;;;
5992;1299169;436;APPSME;APPLIED PSYCHOL MEAS;;;
5993;1300109;190;APPSME;APPL PSYCH MEAS;;;
6002;1298170;209;ADPOMEHL;ADM POLICY MENT HLTH;;;
6003;1308563;4;ADPOMEHL;ADM POLICY MENTAL HL;;;
6005;1298083;338;ARPHMERE;ARCH PHYS MED REHAB;;;
6006;1298739;17;ARPHMERE;ARCH PHYSICAL MED RE;;;
6019;1301757;60;ARPSNU;ARCH PSYCHIATR NURS;;;
6020;1302420;132;ARPSNU;ARCH PSYCHIAT NURS;;;
6144;1297980;2611;AMPOSCRE;AM POLIT SCI REV;;;
6145;1303938;143;AMPOSCRE;AMER POLIT SCI REV;;;
6218;1302225;16;ACRE;ACTION RES;;;
6220;1322787;18;ACRE;ACTION RES-LONDON;;;
6272;1297294;161;ARRH;ARTHRITIS RHEUM;;;
6273;1300039;106;ARRH;ARTHRIT RHEUM-ARTHR;;;
6275;1314140;11;ARRH;ARTHRITIS RHEUM-US;;;
6276;1314141;4;ARRH;ARTHRITIS RHEUMATOL;;;
6277;1314892;5;ARRH;ARTHRITIS RHEUMATISM;;;
6292;1298692;798;ANREAN;ANNU REV ANTHROPOL;;;
6293;1309413;5;ANREAN;ANN REV ANTHR;;;
6381;1311346;189;ANREENRE;ANNU REV ENV RESOUR;;;
6380;1303485;90;ANREENRE;ANNU REV ENVIRON RESOUR;;;
6383;1299822;148;ANREECSY;ANNU REV ECOL SYST;;;
6384;1329324;7;ANREECSY;ANNUAL REV ECOL SYST;;;
6489;1297957;798;ANREPUHE;ANNU REV PUBL HEALTH;;;
6490;1300048;211;ANREPUHE;ANNU REV PUBLIC HEALTH;;;
6518;1302699;416;ANRESC;ANN REGIONAL SCI;;;
6519;1302700;11;ANRESC;ANN REG SCI;;;
6523;1297168;14536;ANRESO;ANNU REV SOCIOL;;;
6524;1304661;8;ANRESO;ANN REV SOC;;;
6525;1305081;14;ANRESO;ANN REV SOCIOLOGY;;;
6607;1302112;69;AGSY;AGROFOREST SYST;;;
6606;1301230;11;AGSY;AGROFORESTRY SYSTEMS;;;
6675;1298413;835;ANST1;ANN STAT;;;
6676;1310482;4;ANST1;ANN STATIS;;;
6677;1317753;20;ANST2;ANATOLIAN STUDIES;;;
6679;1338490;5;ANST2;ANATOL STUD;;;
7054;1297175;17627;AMSORE;AM SOCIOL REV;;;
7055;1301885;2732;AMSORE;AMER SOCIOL REV;;;
7057;1310464;24;AMSORE;AM SOCIOLOGICAL REV;;;
7058;1310486;19;AMSORE;AM SOC REV;;;
7059;1310719;3;AMSORE;AM SOCIALOGICAL REV;;;
7060;1310721;3;AMSORE;AM SOCIAL REV;;;
6643;1320418;3;AMSO;AMERICAN SOCIOLOGICA;;;
7293;1297268;1264;ACTINSY;ACM T INFORM SYST;;;
7294;1319232;10;ACTINSY;ACM T INFORM SYSTEM;;;
7295;1320084;23;ACTINSY;ACM T INFORM SYSTEMS;;;
7496;1302816;266;AGVIBE;AGGRESS VIOLENT BEH;;;
7497;1305727;6;AGVIBE;AGGRESS VIOLENT BEHAVIOR;;;
7994;1299583;335;BAAPSOPS;BASIC APPL SOC PSYCH;;;
7995;1307326;33;BAAPSOPS;BASIC APPL SOC PSYCHOL;;;
8041;1320631;6;BRBI;BRIT BIRDS;;;
8042;1352985;7;BRBI;BRITISH BIRDS;;;
8092;1298379;612;BEBRSC;BEHAV BRAIN SCI;;;
8093;1300870;18;BEBRSC;BEHAVIORAL BRAIN SCI;;;
8230;1300914;151;BRCARETR;BREAST CANCER RES TR;;;
8231;1303372;5;BRCARETR;BREAST CANC RES TREA;;;
8232;1303829;9;BRCARETR;BREAST CANCER RES TREAT;;;
8321;1298120;1502;BEEC;BEHAV ECOL;;;
8322;1299033;11;BEEC;BEHAV ECOLOGY;;;
8434;1297585;180;BREDREJ;BRIT EDUC RES J;;;
8435;1305092;4;BREDREJ;BR EDUC RES J;;;
8531;1299465;3113;BUHO;BUS HORIZONS;;;
8532;1310970;60;BUHO;BUSINESS HORIZONS;;;
8696;1311859;344;BUINSYEN;BUS INFORM SYST ENG+;;;
8697;1313169;14;BUINSYEN;BUS INF SYST ENG;;;
8737;1297473;391;BRJAD;BRIT J ADDICT;;;
8739;1305000;12;BRJAD;BR J ADDICT;;;
8833;1298157;279;BRJGEPR;BRIT J GEN PRACT;;;
8834;1299833;16;BRJGEPR;BR J GEN PRACT;;;
8906;1298161;296;BRJMASTPS;BRIT J MATH STAT PSY;;;
8907;1308254;131;BRJMASTPS;BRIT J MATH STATIST PSYCHOL;;;
8908;1311252;5;BRJMASTPS;BR J MATH STAT PSYCH;;;
8962;1297606;2766;BRJPS;BRIT J PSYCHIAT;;;
8967;1310628;4;BRJPS;BRIT J PSYCHIATRY;;;
9023;1297372;774;BRJSO;BRIT J SOCIOL;;;
9024;1310469;4;BRJSO;BRIT J SOCIOLOGY;;;
9042;1304809;187;BRJSPME;BRIT J SPORT MED;;;
9043;1327628;4;BRJSPME;BR J SPORTS MED;;;
9104;1300033;67;BILE;BIOL LETT-UK;;;
9106;1312074;422;BILE;BIOL LETTERS;;;
9107;1314725;31;BILE;BIOLOGY LETT;;;
9109;1324640;7;BILE;BIOL LETT;;;
9205;1298688;342;BMABI;B MATH BIOPHYS;;;
9207;1310902;3;BMABI;B MATH BIOPHYSICS;;;
9253;1297249;3144;BRMEJ;BRIT MED J;;;
9254;1320595;3;BRMEJ;BR MED J;;;
9638;1301464;116;BUREIN;BUILD RES INF;;;
9639;1301468;14;BUREIN;BUILDING RES INFORM;;;
9683;1298506;476;BESC;BEHAV SCI;;;
9684;1310571;13;BESC;BEHAVIORAL SCI;;;
9687;1314741;11;BESC;BEHAV SCI-BASEL;;;
9731;1302163;110;BUSO;BUS SOC;;;
9732;1314314;66;BUSO;BUSINESS SOC;;;
9733;1314316;4;BUSO;BUSINESS SOCIETY;;;
9880;1298417;290;BETH;BEHAV THER;;;
9881;1300899;20;BETH;BEHAV THERAPIST;;;
10222;1297470;1903;CO1;CONNECTIONS;;;
10249;1309162;3;CO1;CONNECTINS;;;
10255;1311876;186;CO2;CONVERGENCE-US;;;
10244;1307441;93;CO2;CONVERGENCE;;;
10524;1297183;5912;COAC;COMMUN ACM;;;
10525;1311274;6;COAC;COMMUNICATIONS ACM;;;
10580;1297352;119;CUAN;CULT ANTHROPOL;;;
10582;1299712;35;CUAN;CULTURAL ANTHR;;;
10669;1311999;359;COASINSY;COMMUN ASSOC INF SYS;;;
10671;1317278;62;COASINSY;COMMUN ASS INF SYST;;;
10672;1323243;8;COASINSY;COMMUN ASS INFORM SY;;;
10711;1297526;734;CHABNE;CHILD ABUSE NEGLECT;;;
10712;1309802;7;CHABNE;CHILD ABUSE NEGL;;;
10847;1297334;489;COBI;CONSERV BIOL;;;
10850;1320299;9;COBI;CONSERVATION BIOLOGY;;;
10864;1299790;5979;CYBE;CYBERPSYCHOL BEHAV;;;
10865;1312201;200;CYBE;CYBERPSYCHOLOGY BEHA;;;
11070;1326020;3;COCO1;COMPUTATIONAL COMPLEXITY;;;
11056;1307536;7;COCO1;COMPUT COMPLEX;;;
11060;1312729;118;COCO2;CORP COMMUN;;;
11064;1317559;40;COCO2;CORPORATE COMMUNICAT;;;
11343;1299688;157;COCORE;COMPUT COMMUN REV;;;
11346;1318496;13;COCORE;COMPUTER COMMUNICATION REVIEW;;;
11399;1301351;66;COCLTR;CONTROL CLIN TRIALS;;;
11400;1306610;4;COCLTR;CONTROLLED CLIN TRIA;;;
11675;1299708;9722;COED;COMPUT EDUC;;;
11676;1301578;45;COED;COMP EDUC;;;
12080;1297907;47;CLGE;CLIN GERONTOL;;;
12081;1300022;127;CLGE;CLIN GERONTOLOGIST;;;
12083;1318851;4;CLGE;CLINICAL GERONTOLOGIST;;;
12193;1302261;105;COGRST;COMP GROUP STUDIES;;;
12194;1311083;102;COGRST;COMP GROUP STUD;;;
12251;1300482;23383;COHUBE;COMPUT HUM BEHAV;;;
12252;1335939;8;COHUBE;COMP HUMAN BEHAV;;;
12253;1337666;8;COHUBE;COMPUTER HUMAN BEHAV;;;
12255;1345848;3;COHUBE;COMPUT HUMAN BEHAV;;;
12278;1299925;160;CHHIED;CHRON HIGHER EDUC;;;
12279;1320909;7;CHHIED;CHRON HIGH ED;;;
12392;1311824;134;CHIL;CHRONIC ILLN;;;
12391;1302848;10;CHIL;CHRONIC ILLNESS;;;
12426;1299709;63;COIN1;COMPUT INTELL;;;
12434;1312431;12;COIN1;COMPUTATIONAL INTELLIGENCE;;;
12435;1313066;177;COIN1;COMPUT INTELL-US;;;
12436;1314636;30;COIN1;COMPUTATIONAL INTELL;;;
12605;1301196;221;CIINNU;CIN-COMPUT INFORM NU;;;
12606;1305238;3;CIINNU;CIN-COMPUT INFORM NURS;;;
12662;1313390;141;CUISTO;CURR ISSUES TOUR;;;
12661;1312722;11;CUISTO;CURRENT ISSUES TOURI;;;
12724;1299544;287;CAJAG;CAN J AGING;;;
12725;1300346;34;CAJAG;CANADIAN J AGING;;;
12752;1297447;101;CAJADSC;CAN J ADM SCI;;;
12753;1306351;4;CAJADSC;CANADIAN J ADM SCI;;;
12831;1297255;206;CAJEC1;CAN J ECON;;;
12833;1299666;13;CAJEC1;CANADIAN J EC;;;
12834;1308056;146;CAJEC2;CAMB J ECON;;;
12832;1298827;203;CAJEC2;CAMBRIDGE J ECON;;;
13023;1297800;331;CAJPS;CAN J PSYCHIAT;;;
13022;1297768;9;CAJPS;CANADIAN J PSYCHIAT;;;
13024;1303388;3;CAJPS;CAN J PSYCHIATRY;;;
13026;1309559;3;CAJPS;CANADIAN J PSYCHIATR;;;
13025;1304390;20;CAJPS;CAN J PSYCHOL;;;
13028;1318966;3;CAJPS;CAN J PSYCHOLOGY;;;
13041;1320442;34;CYJPS;CYBERPSYCHOL J PSYCH;;;
13040;1314603;102;CYJPS;CYBERPSYCHOLOGY J PS;;;
13205;1298313;257;COLI;COMPUT LINGUIST;;;
13204;1298301;63;COLI;COMPUTATIONAL LINGUI;;;
13212;1325906;34;COLI;COMPUTATIONAL LINGUISTICS;;;
13321;1305602;198;CRLASOCH;CRIME LAW SOCIAL CH;;;
13320;1301342;54;CRLASOCH;CRIME LAW SOCIAL CHANGE;;;
13361;1302818;125;CHMA;CHILD MALTREATMENT;;;
13363;1318686;15;CHMA;CHILD MALTREAT;;;
13389;1318250;3;COMA1;COLLECT MANAG;;;
13390;1318374;3;COMA1;COLLECTION MANAGEMEN;;;
13388;1314866;25;COMA2;CONTEMP MATH;;;
13387;1314161;10;COMA2;CONT MATH;;;
13430;1299351;656;COMO;COMMUN MONOGR;;;
13432;1304903;3;COMO;COMMUNICATIONS MONOG;;;
13478;1299061;407;CAMEASJ;CAN MED ASSOC J;;;
13479;1304609;13;CAMEASJ;CANADIAN MED ASS J;;;
13506;1312854;232;COMAEC;CONSTR MANAG ECON;;;
13507;1314861;11;COMAEC;CONSTR MANAG EC;;;
13508;1314862;6;COMAEC;CONST MANAG EC;;;
13509;1317557;10;COMAEC;CONSTR MANAGE EC;;;
13530;1300225;121;COMEHL;COMMUNITY MENTAL HLT;;;
13531;1301208;10;COMEHL;COMMUNITY MENT HLTH;;;
13538;1297774;602;COMEHLJ;COMMUNITY MENT HLT J;;;
13539;1303255;22;COMEHLJ;COMMUN MENT HLTH J;;;
13600;1300218;9;COMAORTH;COMPUT MATH ORG THEO;;;
13601;1300747;192;COMAORTH;COMP MATH ORG THEORY;;;
13602;1300755;190;COMAORTH;COMPUT MATH ORGAN TH;;;
13614;1297763;176;CUMEPS;CULT MED PSYCHIAT;;;
13617;1318184;3;CUMEPS;CULT MED PSYCHIATRY;;;
13678;1299408;353;CANU;CANCER NURS;;;
13680;1304507;6;CANU;CAN NURSE;;;
13682;1306520;5;CANU;CANC NURSING;;;
13683;1307988;12;CANU;CANC NURS;;;
13705;1299097;119;CNU;C NUMERANTIUM;;;
13706;1325517;10;CNU;C NUMER;;;
13718;1334124;10;CONE1;COGN NEUROPSYCHIATRY;;;
13714;1327309;5;CONE1;COGN NEUROPSYCHOL;;;
13717;1330055;7;CONE1;COGN NEUROSCI-UK;;;
13711;1309611;10;CONE1;COGNITIVE NEUROPSYCH;;;
13707;1297623;2181;CONEIS;COMPUT NETW;;;
13725;1356398;7;CONEIS;COMPUT NETWORKS;;;
13771;1300896;1163;CONEIS;COMPUT NETWORKS ISDN;;;
13708;1301487;19;CONEIS;COMPUTER NETWORKS;;;
13770;1298300;15;CONEIS;COMPUTER NETWORKS IS;;;
13917;1299912;151;CUOPNE;CURR OPIN NEUROBIOL;;; 
13918;1304017;37;CUOPNE;CURR OPIN NEUROL;;;
13934;1298994;182;CUOPPS;CURR OPIN PSYCHIATR;;;
13935;1298996;4;CUOPPS;CURR OPIN PSYCHIATRY;;;
13936;1302062;13;CUOPPS;CURRENT OPINION PSYC;;;
13937;1313262;82;CUOPPS;CURR OPIN PSYCHOL;;;
14333;1297494;168;CLPSPR;CLIN PSYCHOL-SCI PR;;;
14334;1308418;14;CLPSPR;CLIN PSYCHOL-SCI PRACTICE;;;
14453;1303899;134;COQ;COMMUN Q;;;
14452;1300970;142;COQ;COMMUNICATION Q;;;
14512;1300284;35;CLRE;CLIMATE RES;;;
14517;1318932;19;CLRE;CLIM RES;;;
14527;1303246;23;CORE;COMMUNICATION REV;;;
14533;1311970;88;CORE;COMMUN REV;;;
14664;1300422;128;CORELI;COLL RES LIBR;;;
14663;1300190;10;CORELI;COLL RES LIB;;;
14707;1312499;136;CORERE;COMMUN RES REP;;;
14706;1299352;82;CORERE;COMMUNICATION RES RE;;;
14725;1300836;103;CARESOAN;CAN REV SOC ANTHROP;;;
14726;1306619;9;CARESOAN;CAN REV SOCIOL ANTHROPOL;;;
14727;1307758;19;CARESOAN;CANADIAN REV SOC ANT;;;
14729;1310828;9;CARESOAN;CAN REV SOCIOL ANTHROPOLOGY;;;
14789;1314075;206;CHSO;CHILD SOC;;;
14788;1302815;62;CHSO;CHILDREN SOC;;;
14828;1317516;47;COSC1;COMPUT SCH;;;
14824;1299706;9;COSC1;COMPUTERS SCH;;;
14825;1315711;13;COSC2;COMPUT SCI;;;
14826;1316144;29;COSC2;COMPUTER SCI;;;
14827;1317404;3;COSC3;CONNECTION SCIENCE;;;
14829;1323479;8;COSC3;CONNECT SCI;;;
14850;1300687;16;COSO4;COMP SOCIOLOGY;;;
14852;1301491;35;COSO4;COMP SOCIOL;;;
14851;1300969;29;COSO5;COMMUNICATION SOC;;;
14865;1336270;5;COSO5;COMMUNICATION SOCIAL;;;
14858;1320554;22;COSO6;COMUNICACION SOC;;;
14860;1322763;5;COSO6;COMUN. SOC;;;
14859;1322680;4;COSO6;COMUNICACAO SOC;;;
14864;1334759;3;COSO6;COMUNICACION SOCIAL;;;
14849;1298934;372;COSO7;CONTEMP SOCIOL;;;
14853;1310522;4;COSO7;CONT SOCIOLOGY;;;
14887;1311222;16;COST8;COMMUN STAT;;;
14884;1306859;8;COST8;COMMUNICATIONS STAT;;;
14889;1311871;112;COST9;COMMUN STUD;;;
14881;1301331;63;COST9;COMMUNICATION STUDIE;;;
14888;1311261;3;COST10;COMPUTATIONAL STATIS;;;
14890;1314644;35;COST10;COMPUTATION STAT;;;
14892;1318130;91;COST11;COMMUNICATIONS STRAT;;;
14893;1322415;4;COST11;COMMUN STRATEG;;;
14935;1315403;80;CUSO;CULT SOCIOL;;;
14936;1327784;35;CUSO;CULT SOCIOL-LONDON;;;
14937;1329816;4;CUSO;CULTURE SOC;;;
14947;1300505;177;CYSY;CYBERNET SYST;;;
14948;1301967;6;CYSY;CYBERN SYST;;;
15008;1299083;5;CISACO;CIENCIA SAUDE COLETI;;;
15009;1314353;116;CISACO;CIENC SAUDE COLETIVA;;;
15011;1326054;5;CISACO;CIEN SAUDE COLET;;;
15051;1299003;372;COSTDAAN;COMPUT STAT DATA AN;;;
15052;1299006;26;COSTDAAN;COMPUT STAT DATA ANAL;;;
15062;1299694;141;COSCEN;COMPUT SCI ENG;;;
15063;1314486;9;COSCEN;COMPUTATIONAL SCI EN;;;
15144;1302249;138;COSTJ;COLL STUDENT J;;;
15145;1326370;7;COSTJ;COLL STUD J;;;
15230;1300335;119;CRSOPO;CRIT SOC POLICY;;;
15231;1306699;3;CRSOPO;CRITICAL SOCIAL POLI;;;
15320;1302696;117;COSTSOHI;COMP STUD SOC HIST;;;
15319;1300463;39;COSTSOHI;COMP STUDIES SOC HIS;;;
15415;1298607;636;COTH;COMMUN THEOR;;;
15414;1297178;56;COTH;COMMUN THEORY;;;
15417;1303190;36;COTH;COMMUNICATION THEORY;;;
15542;1298663;173;COTHRE;COGNITIVE THER RES;;;
15543;1299560;15;COTHRE;COGNITIVE THERAPY RE;;;
15788;1300564;116;DA;DAEDALUS;;;
15796;1311940;56;DA;DAEDALUS-US;;;
15871;1308185;12;DI;DISCOURSE;;;
15878;1320511;27;DI;DISCOURSE-ABINGDON;;;
15997;1297471;1921;DRALDE;DRUG ALCOHOL DEPEN;;;
15998;1297903;259;DRALDE;DRUG ALCOHOL DEPENDENCE;;;
15999;1318770;4;DRALDE;DRUG ALCOHOL DEPEND;;;
16130;1297317;394;DECH;DEV CHANGE;;;
16131;1298983;13;DECH;DEVELOP CHANGE;;;
16306;1302314;216;DIED1;DIABETES EDUCATOR;;;
16307;1305308;27;DIED1;DIABETES ED;;;
16309;1315128;172;DIED2;DISTANCE EDUC;;;
16305;1300886;17;DIED2;DISTANCE ED;;;
16471;1313934;213;DIIN;DIGIT INVEST;;;
16470;1301571;11;DIIN;DIGIT INVESTIG;;;
16522;1311875;153;DIJO;DIGIT JOURNAL;;;
16523;1336078;9;DIJO;DIGITAL JOURNALISM;;;
16638;1299898;282;DIMA1;DISCRETE MATH;;;
16644;1342159;4;DIMA1;DISCRETE MATHEMATICS;;;
16645;1343581;7;DIMA2;DIS MANAG;;;
16649;1350247;3;DIMA2;DISASTER MANAGEMENT;;;
16682;1298636;167;DEMECHNE;DEV MED CHILD NEUROL;;;
16683;1306498;3;DEMECHNE;DEVELOP MED CHILD NEUROL;;;
16822;1297609;4029;DEPS;DEV PSYCHOL;;;
16825;1301706;427;DEPS;DEVELOP PSYCHOL;;;
16879;1298551;185;DRPRPO;DRUG-EDUC PREV POLIC;;;
16880;1301569;98;DRPRPO;DRUGS-EDUC PREV POLICY;;;
16905;1298986;282;DERE;DEMOGR RES;;;
16907;1300668;11;DERE;DEMOGRAPHIC RES;;;
16917;1298092;508;DIRE;DISABIL REHABIL;;;
16919;1319487;7;DIRE;DISABILITY REHABILIT;;;
16999;1313964;62;DEST;DESIGN STUD;;;
16996;1297205;70;DEST;DESIGN STUDIES;;;
17130;1297628;4856;DESUSY;DECIS SUPPORT SYST;;;
17131;1312486;13;DESUSY;DECISION SUPPORT SYSTEMS;;;
16984;1297725;720;DESC;DECISION SCI;;;
16986;1320857;8;DESC;DECISION SCIENCES;;;
17015;1301441;109;DISO;DISCOURSE SOC;;;
17018;1337070;12;DISO;DISCURSO SOC;;;
17314;1338431;4;EC1;ECONOMICS;;;
17304;1320860;8;EC1;ECONOMICS-KIEL;;;
17294;1305506;29;EC2;ECONOMIST;;;
17299;1315856;7;EC2;ECONOMIST-NETHERLAND;;;
17424;1326420;6;EN1;ENTREPRENEUR;;;
17425;1328829;5;EN1;ENTREPRENEURSHIP;;;
17423;1325857;9;EN2;ENGINEERING;;;
17401;1297744;14;EN2;ENGINEERING-LONDON;;;
17448;1321306;3;EP;EPIDEMICS;;;
17446;1314753;188;EP;EPIDEMICS-NETH;;;
17539;1302277;40;EV;EVALUATION;;;
17540;1312518;20;EV;EVALUATION-US;;;
17668;1298033;385;EVAN;EVOL ANTHROPOL;;;
17669;1300341;18;EVAN;EVOLUTIONARY ANTHR;;;
17670;1318792;13;EVAN;EVOLUTIONARY ANTHROPOLOGY;;;
17794;1302733;105;EXAGRE;EXP AGING RES;;;
17795;1305004;6;EXAGRE;EXPT AGING RES;;;
17822;1313983;105;EABE;EAT BEHAV;;;
17821;1299517;7;EABE;EATING BEHAV;;;
17941;1299823;105;ECCO;ECOL COMPLEX;;;
17942;1300503;6;ECCO;ECOLOGICAL COMPLEXIT;;;
18024;1298924;225;EXCH;EXCEPT CHILDREN;;;
18025;1306468;43;EXCH;EXCEPT CHILD;;;
17985;1347118;21;ENCO;ENG COMPUTATION;;;
17982;1339476;5;ENCO;ENG COMPUT-GERMANY;;;
18135;1314686;183;ELCORE;ELECTRON COMMER RES;;;
18134;1314212;82;ELCORE;ELECTRONIC COMMERCE RESEARCH;;;
18220;1299170;154;ETDI;ETHNIC DIS;;;
18219;1297958;16;ETDI;ETHN DIS;;;
18221;1300855;10;ETDI;ETHNICITY DIS;;;
18232;1297789;372;ECDECUCH;ECON DEV CULT CHANGE;;;
18233;1298465;79;ECDECUCH;EC DEV CULTURAL CHAN;;;
18234;1303322;5;ECDECUCH;ECON DEVELOP CULT CHANGE;;;
18302;1299286;689;ECEC1;ECOL ECON;;;
18303;1300559;16;ECEC1;ECOLOGICAL EC;;;
18382;1299786;162;EXEC2;EXP ECON;;;
18383;1320399;16;EXEC2;EXPERIMENTAL ECONOMICS;;;
18384;1322862;9;EXEC2;EXPT EC;;;
18479;1298549;423;EDEVPOAN;EDUC EVAL POLICY AN;;;
18480;1305084;11;EDEVPOAN;EDUC EVAL POLICY ANAL;;;
18497;1297496;503;EUECRE;EUR ECON REV;;;
18498;1301498;18;EUECRE;EUROPEAN EC REV;;;
18607;1298430;789;ECGE;ECON GEOGR;;;
18609;1322598;3;ECGE;EC GEOGRAPH;;;
18691;1297374;143;ETHE;ETHNIC HEALTH;;;
18692;1301107;23;ETHE;ETHN HEALTH;;;
18776;1312290;93;ECIN;ECOL INDIC;;;
18777;1314998;26;ECIN;EC IND;;;
18881;1298681;208;ECINNETE;EC INNOVATION NEW TE;;;
18882;1334419;13;ECINNETE;EC INNOV NEW TECHNOL;;;
19027;1303125;319;EUJCO1;EUR J COMMUN;;;
19026;1303089;27;EUJCO1;EUROPEAN J COMMUNICA;;;
19028;1305903;25;EUJCO2;EUR J COMBINAT;;;
19029;1318309;25;EUJCO2;EUR J COMBIN;;;
19030;1320663;3;EUJCO2;EUROPEAN J COMBIN;;;
19393;1298387;807;EUJSOPS;EUR J SOC PSYCHOL;;;
19394;1299014;43;EUJSOPS;EUROPEAN J SOCIAL PS;;;
19043;1299409;144;EUJCACA;EUR J CANCER CARE;;;
19044;1305436;4;EUJCACA;EUROPEAN J CANC CARE;;;
19212;1300417;33;EUJINSY;EUR J INFOR SYST;;;
19213;1303115;1045;EUJINSY;EUR J INFORM SYST;;;
19304;1298067;321;EUJPE;EUR J PERSONALITY;;;
19306;1301813;9;EUJPE;EUROPEAN J PERSONALI;;;
19313;1298988;154;EUJPO;EUR J POPUL;;;
19314;1302917;11;EUJPO;EUR J POP;;;
19315;1303184;4;EUJPO;EUROPEAN J POPULATIO;;;
19094;1313682;101;EUJDEPS;EUR J DEV PSYCHOL;;;
19093;1303476;4;EUJDEPS;EUROPEAN J DEV PSYCH;;;
19476;1300239;290;ELLI;ELECTRON LIBR;;;
19477;1316538;23;ELLI;ELECT LIB;;;
19601;1300249;45;ECMO;ECON MODEL;;;
19602;1302333;6;ECMO;ECOLOGICAL MODELLING;;;
19615;1312849;281;ELMA;ELECTRON MARK;;;
19616;1313569;93;ELMA;ELECTRONIC MARKETS;;;
19613;1300471;7;ELMA;ELECT MARKETS;;;
19721;1313562;169;EDMEIN;EDUC MEDIA INT;;;
19720;1299702;22;EDMEIN;ED MEDIA INT;;;
19722;1322191;19;EDMEIN;EDUCATIONAL MEDIA INTERNATIONAL;;;
19765;1314989;121;ESMEPE;ESTUDIOS MENSAJE PER;;;
19766;1319197;7;ESMEPE;ESTUD MENSAJE PERIOD;;;
19974;1298968;132;EDPO;EDUC POLICY;;;
19975;1305083;7;EDPO;ED POLICY;;;
19977;1298445;254;EDPS1;EDUC PSYCHOL;;;
19979;1312474;46;EDPS1;ED PSYCHOL;;;
20071;1300677;310;EUPS2;EUR PSYCHIAT;;;
20073;1307350;11;EUPS2;EUROPEAN PSYCHIAT;;;
20074;1342648;4;EUPS2;EUROPEAN PSYCHIATRY;;;
20072;1300800;102;EUPS3;EUR PSYCHOL;;;
20070;1297771;15;EUPS3;EUROPEAN PSYCHOL;;;
20107;1297367;1604;ENPLA;ENVIRON PLANN A;;;
20108;1300665;105;ENPLA;ENVIRON PLAN A;;;
20109;1303466;8;ENPLA;ENV PLAN A;;;
20120;1297356;844;ENPLB;ENVIRON PLANN B;;;
20121;1310552;7;ENPLB;ENV PLANNING B;;;
20170;1297889;2488;EUPHJB;EUR PHYS J B;;;
20171;1301867;55;EUPHJB;EUROPEAN PHYS J B;;;
20187;1298593;542;EDPSME;EDUC PSYCHOL MEAS;;;
20188;1305357;4;EDPSME;ED PSYCHOL MEASUREMN;;;
20239;1297357;550;EUPLST;EUR PLAN STUD;;;
20240;1297365;89;EUPLST;EUROPEAN PLANNING ST;;;
20304;1298226;194;EDRE1;EDUC RES;;;
20305;1298443;272;EDRE1;ED RES;;;
20306;1298953;56;EDRE1;EDUC RES-UK;;;
20308;1313548;218;EDRE2;EDUCAUSE REV;;;
20309;1313683;58;EDRE2;EDUC REV;;;
20312;1328164;28;EDRE2;EDUCAUSE REVIEW;;;
20313;1328269;5;EDRE2;EDUC. REV.;;;
20407;1297880;906;ENREDE;ENTREP REGION DEV;;;
20408;1300014;7;ENREDE;ENTREP REG DEV;;;
20515;1297291;835;ETRAST;ETHNIC RACIAL STUD;;;
20516;1298947;76;ETRAST;ETHN RACIAL STUD;;;
20545;1299271;113;ECSO1;ECOL SOC;;;
20546;1299281;134;ECSO1;ECOLOGY SOC;;;
20544;1297802;283;ECSO2;ECON SOC;;;
20548;1327362;7;ECSO2;ECON SOCIOL;;;
20629;1298060;175;EUSO;EUR SOC;;;
20630;1298063;29;EUSO;EUROPEAN SOC;;;
20631;1299229;107;EUSO;EUROPEAN SOCIOLOGICA;;;
20652;1297657;4267;EXSYAP;EXPERT SYST APPL;;;
20653;1301902;91;EXSYAP;EXPERT SYSTEMS APPL;;;
20729;1298730;222;ELSCJ;ELEM SCHOOL J;;;
20730;1298954;18;ELSCJ;ELEM SCH J;;;
20731;1308488;19;ELSCJ;ELEMENTARY SCH J;;;
20873;1299104;140;ECTH;ECON THEOR;;;
20874;1308177;10;ECTH;ECON THEORY;;;
20986;1298068;2383;ENTHPR;ENTREP THEORY PRACT;;;
20987;1313977;3;ENTHPR;ENTREPR THEORY PRACT;;;
21005;1298956;763;EDTESO;EDUC TECHNOL SOC;;;
21006;1313128;60;EDTESO;ED TECHNOLOGY SOC;;;
21368;1304010;133;FABURE;FAM BUS REV;;;
21367;1298632;98;FABURE;FAMILY BUSINESS REV;;;
21650;1303400;800;FUGECOSY;FUTURE GENER COMP SY;;;
21651;1326992;3;FUGECOSY;FUTURE GENERATION COMPUTER SYSTEMS;;;
21709;1318306;65;FUIN;FUND INFORM;;;
21710;1343626;5;FUIN;FUNDAMENTA INFORM;;;
21711;1353898;6;FUIN;FUNDAMENTA INFORMATICAE;;;
21895;1299755;123;FAME;FAM MED;;;
21896;1304306;5;FAME;FAMILY MED;;;
21903;1298658;687;FIME;FIELD METHOD;;;
21904;1302301;21;FIME;FIELD METHODS;;;
22025;1297148;767;FAPR;FAM PROCESS;;;
22028;1310484;7;FAPR;FAMILY PROCESS;;;
22115;1297923;169;FAPLPE;FAM PLANN PERSPECT;;;
22116;1302616;43;FAPLPE;FAMILY PLANNING PERS;;;
22228;1300212;61;FEST;FEMINIST STUD;;;
22231;1309234;4;FEST;FEMINISTISCHE STUDIE;;;
22325;1301900;554;FUSESY;FUZZY SET SYST;;;
22326;1311376;8;FUSESY;FUZZY SETS SYST;;;
22327;1316634;25;FUSESY;FUZZY SETS SYSTEMS;;;
22658;1300303;7;GEAN;GEOGRAFISKA ANN;;;
22660;1325349;3;GEAN;GEOGR ANN;;;
22678;1297825;169;GEANB;GEOGR ANN B;;;
22679;1300010;10;GEANB;GEOGRAFISKA ANN B;;;
22754;1299789;106;GACU;GAMES CULTURE;;;
22753;1299785;73;GACU;GAMES CULT;;;
22765;1313968;103;GECO;GEOGR COMPASS;;;
22766;1317959;7;GECO;GEOGRAPHY COMPASS;;;
22776;1314466;117;GLCR;GLOB CRIME;;;
22775;1310839;19;GLCR;GLOBAL CRIME;;;
22855;1299893;256;GRDENE;GROUP DECIS NEGOT;;;
22856;1309680;14;GRDENE;GROUP DECIS NEGOTIATION;;;
22891;1299275;1716;GLENCH;GLOBAL ENVIRON CHANG;;;
22892;1302345;62;GLENCH;GLOBAL ENVIRON CHANGE;;;
23097;1313043;794;GOINQ;GOV INFORM Q;;;
23098;1328100;15;GOINQ;GOVT INFORM Q;;;
23349;1298888;704;GLNE;GLOBAL NETW;;;
23350;1302538;79;GLNE;GLOB NETW;;;
23423;1300248;152;GEPLCU;GENDER PLACE CULT;;;
23421;1298912;22;GEPLCU;GENDER PLACE CULTURE;;;
23492;1322205;31;GERE;GEOGR RES-AUST;;;
23493;1324972;4;GERE;GEOGR RES;;;
23780;1297977;138;GEWOOR;GENDER WORK ORGAN;;;
23782;1306629;11;GEWOOR;GEND WORK ORGAN;;;
23834;1300250;136;HE;HEALTH;;;
23843;1314549;27;HE;HEALTH-LONDON;;;
24103;1301004;164;HUBRMA;HUM BRAIN MAPP;;;
24104;1302002;11;HUBRMA;HUMAN BRAIN MAPPING;;;
24115;1297169;2969;HABURE;HARVARD BUS REV;;;
24116;1317645;18;HABURE;HARV BUS REV;;;
24117;1321208;3;HABURE;HARVARD BUSINESS REVIEW;;;
24238;1297226;474;HOCOPS;HOSP COMMUNITY PSYCH;;;
24239;1309887;54;HOCOPS;HOSP COMMUNITY PSYCHIAT;;;
24248;1298037;1929;HUCORE;HUM COMMUN RES;;;
24249;1308764;4;HUCORE;HUMAN COMMUN RES;;;
24279;1298453;157;HUDE;HUM DEV;;;
24280;1299772;40;HUDE;HUM DEVELOP;;;
24336;1311822;159;HEEX;HEALTH EXPECT;;;
24337;1327487;12;HEEX;HEALTHC EXEC;;;
24338;1298225;532;HIED;HIGH EDUC;;;
24340;1300234;12;HIED;HIGHER EDUC;;;
24343;1361105;3;HIED;HIGH ED;;;
24442;1298153;824;HEEDRE;HEALTH EDUC RES;;;
24443;1313186;8;HEEDRE;HEALTH EDUCATION RESEARCH;;;
24632;1298955;222;HUIN;HUM-COMPUT INTERACT;;;
24633;1324181;20;HUIN;HUM-COMPUT INT-SPRIN;;;
24634;1324597;13;HUIN;HUMAN-COMPUTER INTERACTION;;;
24673;1303088;102;HAINJPR;HARV INT J PRESS-POL;;;
24674;1303092;9;HAINJPR;HARV INT J PRESS/POL;;;
24675;1303854;9;HAINJPR;HARVARD INT J PRESS;;;
24728;1297414;297;HIJBESC;HISPANIC J BEHAV SCI;;;
24729;1304760;14;HIJBESC;HISPAN J BEHAV SCI;;;
24981;1298046;43;HUNA;HUMAN NATURE;;;
24982;1300089;134;HUNA;HUM NATURE;;;
24983;1316843;11;HUNA;HUM NAT;;;
25030;1297150;1282;HUOR;HUM ORGAN;;;
25031;1310599;3;HUOR;HUMAN ORG;;;
25095;1298941;388;HEPO;HEALTH POLICY;;;
25096;1315948;21;HEPO;HEALTHC POLICY;;;
25173;1297312;367;HEPRIN;HEALTH PROMOT INT;;;
25174;1303585;4;HEPRIN;HEALTH PROMOT INTERNATIONAL;;;
25274;1297731;2925;HURE;HUM RELAT;;;
25277;1310545;19;HURE;HUMAN RELATIONS;;;
25275;1300696;149;HURE;HUM REPROD;;;
25281;1362425;3;HURE;HUMAN REPROD;;;
25340;1297450;195;HUREMA1;HUM RESOURCE MANAGE;;;
25341;1298839;189;HUREMA1;HUMAN RESOURCE MANAG;;;
25343;1304542;3;HUREMA1;HUMAN RESOURCES MANA;;;
25344;1305503;67;HUREMA1;HUM RESOUR MANAGE;;;
25345;1312370;222;HUREMA1;HUM RESOUR MANAGE-US;;;
25352;1301632;189;HUREMAR2;HUM RESOUR MANAGE R;;;
25353;1303129;5;HUREMAR2;HUM RESOUR MANAG R;;;
25359;1303056;108;HAREPS;HARVARD REV PSYCHIAT;;;
25360;1304267;14;HAREPS;HARVARD REV PSYCHIATR;;;
25448;1297408;257;HOST1;HOUSING STUD;;;
25449;1301052;21;HOST1;HOUSING STUDIES;;;
25450;1320211;20;HOST2;HOMICIDE STUD;;;
25451;1320212;7;HOST2;HOMICIDE STUDIES;;;
25476;1299147;414;HESOCACO;HEALTH SOC CARE COMM;;;
25475;1298886;35;HESOCACO;HEALTH SOC CARE COMMUNITY;;;
26474;1299454;321;INBURE1;INT BUSINESS REV;;;
26475;1299463;401;INBURE1;INT BUS REV;;;
26476;1313756;40;INBURE2;INT BUSINESS RES;;;
26478;1340695;3;INBURE2;INT BUS RES;;;
26518;1298205;250;INCO;INFORMATION COMMUNIC;;;
26519;1300169;294;INCO;INFORM COMMUNICATION;;;
26520;1300375;125;INCO;INFORM CONTR;;;
26527;1311315;29;INCO;INFORM CONTROL;;;
27088;1311854;110;INDE;INFORM DEV;;;
27091;1325108;4;INDE;INF DEV;;;
27120;1312345;125;INDAAN;INTELL DATA ANAL;;;
27121;1314685;24;INDAAN;INTELLIGENT DATA ANALYSIS;;;
27336;1300120;120;INECPO;INF ECON POLICY;;;
27337;1303083;6;INECPO;INFORMATION EC POLIC;;;
27393;1312277;218;INFU;INFORM FUSION;;;
27394;1334468;9;INFU;INFORMATION FUSION;;;
27417;1300045;135;INFAPLPE;INT FAM PLAN PERSPEC;;;
27418;1305721;41;INFAPLPE;INT FAM PLAN PERSPECT;;;
27420;1328369;3;INFAPLPE;INTERNATIONAL FAMILY PLANNING PERSPECTIVES;;;
27609;1297736;1720;IEINCO;IEEE INTERNET COMPUT;;;
27611;1317838;5;IEINCO;IEEE INTERNET COMPUTING;;;
27497;1311747;1816;INHIED;INTERNET HIGH EDUC;;;
27494;1300409;19;INHIED;INTERNET HIGHER ED;;;
27500;1351369;4;INHIED;INT HIGHER ED;;;
27572;1312789;462;ININ;IND INNOV;;;
27568;1297879;23;ININ;IND INNOVATION;;;
27609;1297736;1720;IEINCO;IEEE INTERNET COMPUT;;;
27611;1317838;5;IEINCO;IEEE INTERNET COMPUTING;;;
27929;1312060;756;INJAD;INT J ADVERT;;;
27927;1299885;11;INJAD;INT J ADVERTISING;;;
28010;1297867;841;INJAGHUDE;INT J AGING HUM DEV;;;
28011;1299214;87;INJAGHUDE;INT J AGING HUMAN DEVELOP;;;
28285;1320155;34;INJCO1;INT J COMPUTATIONAL;;;
28290;1345421;4;INJCO1;INT J COMPUT;;;
28292;1347506;9;INJCO2;INT J COMMUN;;;
28286;1323727;7;INJCO2;INT J COMMUNICATIONS;;;
28313;1312538;144;INJCOAP;INT J COMPUTER APPL;;;
28314;1314671;6;INJCOAP;INT J COMPUTERS APPL;;;
28342;1312316;43;INJCOCO;INT J COMPUT COMMUN;;;
28344;1340287;3;INJCOCO;INT J COMP COMMUN;;;
28528;1313604;113;INJCUST;INT J CULTURAL STUD;;;
28527;1301050;5;INJCUST;INT J CULTURAL STUDI;;;
28523;1311736;112;INJCOSY;INT J COMPLEX SYST;;;
28525;1350864;8;INJCOSY;INT J COMPLEX SYSTEM;;;
28744;1299126;567;INJEADI;INT J EAT DISORDER;;;
28745;1304592;5;INJEADI;INT J EATING DISORDER;;;
28930;1313110;67;INJEMTE;INT J EMERG TECHNOL;;;
28931;1315763;107;INJEMTE;INT J EMERGING TECHN;;;
29031;1297905;873;INJGEPS;INT J GERIATR PSYCH;;;
29032;1297909;50;INJGEPS;INT J GERIAT PSYCHIAT;;;
28724;1300474;15;INJELCO;INT J ELECTRON COMMER;;;
28727;1340235;4;INJELCO;INT J ELECT COMMER;;;
29127;1299764;643;INJHUREMA;INT J HUM RESOUR MAN;;;
29128;1301623;20;INJHUREMA;INT J HUM RESOUR MANAG;;;
29145;1300480;1322;INJHUST;INT J HUM-COMPUT ST;;;
29146;1300759;58;INJHUST;INT J HUM-COMPUT STUDIES;;;
29246;1299815;1665;INJINMA;INT J INFORM MANAGE;;;
29247;1300171;3;INJINMA;INT J INFORM MANAGEM;;;
29287;1298645;694;INJINRE;INT J INTERCULT REL;;;
29288;1302843;19;INJINRE;INT J INTERCULT RELAT;;;
29321;1341018;12;INJINSY;INT J INFORM SYSTEMS;;;
29323;1352733;3;INJINSY;INT J INFORM SYSTEM;;;
29384;1298962;8;INJKNLE;INT J KNOWLEDGE LEAR;;;
29385;1317512;119;INJKNLE;INT J KNOWL LEARN;;;
29469;1298715;53;INJMA;INT J MANAGEMENT;;;
29471;1314555;3;INJMA;INT J MANAG;;;
29626;1297711;164;INJMAMAST;INT J MAN MACH STUD;;;
29627;1310626;10;INJMAMAST;INT J MAN MACHINE ST;;;
30083;1298074;307;INJOPPRMA;INT J OPER PROD MAN;;;
30084;1311586;4;INJOPPRMA;INT J OPER PROD MANAGE;;;
30214;1303719;25;INJPS;INDIAN J PSYCHIAT;;;
30223;1332158;13;INJPS;INDIAN J PSYCHIATRY;;;
30285;1299499;151;INJPOGE;INT J POPULATION GEO;;;
30286;1319781;15;INJPOGE;INT J POPUL GEOGR;;;
30305;1312941;548;INJPRMA;INT J PROJ MANAG;;;
30304;1297717;30;INJPRMA;INT J PROJECT MANAGE;;;
30522;1302466;1481;IEJSEARCO;IEEE J SEL AREA COMM;;;
30521;1301175;6;IEJSEARCO;IEEE J SEL AREA COMMUN;;;
30565;1298460;114;INJSCED;INT J SCI EDUC;;;
30566;1358208;3;INJSCED;INT J SCI ED;;;
30625;1299265;224;INJSEINMA;INT J SERV IND MANAG;;;
30626;1303064;6;INJSEINMA;INT J SERVICE IND MANAGEMENT;;;
30678;1297761;494;INJSOPS;INT J SOC PSYCHIATR;;;
30679;1297799;56;INJSOPS;INT J SOC PSYCHIAT;;;
30682;1320368;10;INJSOPS;INT J SOC PSYCHIATRY;;;
30702;1311814;223;INJSOREME;INT J SOC RES METHOD;;;
30701;1298597;19;INJSOREME;INT J SOCIAL RES MET;;;
30851;1313394;153;INJTORE;INT J TOUR RES;;;
30850;1302958;4;INJTORE;INT J TOURISM RES;;;
30989;1302327;274;INLEEN;INTERACT LEARN ENVIR;;;
30991;1313301;7;INLEEN;INTERACTIVE LEARNING ENVIRONMENTS;;;
30213;1303691;59;INJPS;INT J PSYCHOANAL;;;
30224;1345781;4;INJPS;INT J PSYCHOANALYTIC;;;
31065;1299768;340;INMA;INFORM MANAGE;;;
31066;1299769;17;INMA;INFORMATION MANAGEME;;;
31068;1301036;2835;INMA;INFORM MANAGE-AMSTER;;;
31067;1299771;61;INMA;INFORM MANAGEMENT;;;
31143;1303975;568;INMADASY;IND MANAGE DATA SYST;;;
31142;1302906;24;INMADASY;INDUSTRIAL MANAGE DATA SYST;;;
31144;1322312;3;INMADASY;IND MANAG DATA SYST;;;
31313;1303280;10;INOR;INFORM ORG;;;
31315;1313421;89;INOR;INFORM ORGAN-UK;;;
31473;1324272;12;IEPECO;IEEE PERVASIVE COMPUTING;;;
31471;1302331;5;IEPECO;IEEE PERVASIVE COMPUT;;;
31548;1297981;828;INPRLE;INFORM PROCESS LETT;;;
31549;1307818;8;INPRLE;INF PROCESS LETT;;;
31550;1320594;6;INPRLE;INFORM PROCESSING LE;;;
31551;1344568;9;INPRLE;INFORMATION PROCESSING LETTERS;;;
31557;1297266;1407;INPRMA;INFORM PROCESS MANAG;;;
31558;1302525;49;INPRMA;INFORM PROCESSING MA;;;
31559;1302527;251;INPRMA;INFORM PROCESS MANAGE;;;
31622;1300115;126;INPOSCRE;INT POLIT SCI REV;;;
31623;1310205;10;INPOSCRE;INT POLITICAL SCI RE;;;
31671;1297267;264;INRE;INFORM RETRIEVAL;;;
31683;1316125;27;INRE;INFORMATION RETRIEVAL;;;
31684;1318111;3;INRE;INF RETR;;;
31933;1311974;3051;INSC;INFORM SCIENCES;;;
31932;1311446;85;INSC;INFORM SCI;;;
31934;1312780;23;INSC;INF SCI;;;
31942;1297969;209;INSE;INT SECURITY;;;
31943;1305305;30;INSE;INTELLIGENCE SECURIT;;;
31954;1298577;334;INSO;INT SOCIOL;;;
31956;1298858;26;INSO;INT SOCIOLOGY;;;
31997;1299996;552;INSY;INFORM SYST;;;
31996;1299895;176;INSY;INFORMATION SYSTEMS;;;
32044;1298286;635;INSMBUJ;INT SMALL BUS J;;;
32045;1303289;20;INSMBUJ;INT SMALL BUSINESS J;;;
32105;1299842;400;INSYFR;INFORM SYST FRONT;;;
32106;1303429;66;INSYFR;INF SYST FRONT;;;
32107;1303605;20;INSYFR;INFORM SYSTEMS FRONT;;;
32108;1338621;7;INSYFR;INFORMATION SYSTEMS FRONTIERS;;;
32139;1312570;201;IESYJ;IEEE SYST J;;;
32140;1331600;8;IESYJ;IEEE SYSTEMS J;;;
32175;1297216;171;INSYMA;INFORM SYST MANAGE;;;
32176;1325913;3;INSYMA;INFORM SYSTEM MANAGE;;;
32177;1331502;4;INSYMA;INFORM SYSTEMS MANAG;;;
32178;1337995;4;INSYMA;INFORMATION SYSTEMS MANAGEMENT;;;
32218;1297972;378;IESEPR;IEEE SECUR PRIV;;;
32219;1318673;13;IESEPR;IEEE SECURITY PRIVAC;;;
32325;1297208;266;INSOTE;INFORM SOFTWARE TECH;;;
32326;1301789;18;INSOTE;INFORM SOFTWARE TECHNOL;;;
32615;1298309;1052;IETMU;IEEE T MULTIMEDIA;;;
32616;1327782;5;IETMU;IEEE T MULTIMED;;;
32455;1304374;593;IETCO;IEEE T COMPUT;;;
32457;1322040;4;IETCO;IEEE T COMPUTATIONAL;;;
32424;1309451;970;IETAUCO;IEEE T AUTOMAT CONTR;;;
32423;1299053;10;IETAUCO;IEEE T AUTOMATIC CON;;;
32685;1312904;306;INTEPE;INFORM TECHNOL PEOPL;;;
32684;1303603;40;INTEPE;INFORM TECHNOLOGY PE;;;
32739;1298001;321;IETSYMACY;IEEE T SYST MAN CYB;;;
32740;1312342;328;IETSYMACY;IEEE T SYST MAN CY-S;;;
32816;1315428;117;INVI;INFORM VISUAL;;;
32813;1297707;66;INVI;INFORM VISUALIZATION;;;
32815;1302188;17;INVI;INFORMATION VISUALIZ;;;
32817;1315433;62;INVI;INFORMATION VISUALIZATION;;;
33099;1301782;107;JAL;J ALGORITHM;;;
33100;1314408;54;JAL;J ALGORITHMS;;;
33264;1298384;386;JAMCOHE;J AM COLL HEALTH;;;
33265;1305693;7;JAMCOHE;J AMER COLL HEALTH;;;
33285;1298401;738;JABCHPS;J ABNORM CHILD PSYCH;;;
33284;1298400;43;JABCHPS;J ABNORMAL CHILD PSY;;;
33286;1302245;38;JABCHPS;J ABNORMAL CHILD PSYCHOL;;;
33332;1300478;412;JAMDIAS;J AM DIET ASSOC;;;
33333;1302808;4;JAMDIAS;J AMER DIET ASSN;;;
33349;1297872;2998;JAPDEPS;J APPL DEV PSYCHOL;;;
33350;1302230;34;JAPDEPS;J APPLIED DEV PSYCHO;;;
33351;1305303;6;JAPDEPS;J APPLIED DEV PSYCHOLOGY;;;
33379;1297201;148;JAPEC1;J APPL ECONOM;;;
33383;1337030;9;JAPEC1;J APPL ECON;;;
33382;1312810;61;JAPEC2;J APPL ECONOMET;;;
33380;1298680;20;JAPEC2;J APPLIED ECONOMETRI;;;
33449;1299137;356;JAPGE;J APPL GERONTOL;;;
33450;1303707;18;JAPGE;J APPLIED GERONTOLOG;;;
33458;1297672;1429;JAMGESO;J AM GERIATR SOC;;;
33459;1300636;41;JAMGESO;J AMER GERIAT SOC;;;
33464;1298169;3370;JADHE;J ADOLESCENT HEALTH;;;
33465;1316666;19;JADHE;J ADOLESC HEALTH;;;
33512;1297220;688;JACIMDESY;J ACQ IMMUN DEF SYND;;;
33513;1307800;11;JACIMDESY;J ACQ IMMUNE DEFIC SYNDR;;;
33514;1325779;11;JACIMDESY;J ACQUIR IMMUNE DEFIC SYNDR;;;
33540;1298808;16;JASINSY;J ASS INFORM SYSTEMS;;;
33541;1298811;831;JASINSY;J ASSOC INF SYST;;;
33542;1301414;3;JASINSY;J ASS INFORMATION SY;;;
33543;1312998;4;JASINSY;J ASS INFORM SYST;;;
33547;1311850;672;JASINSCTE;J ASSOC INF SCI TECH;;;
33548;1315385;10;JASINSCTE;J ASS INF SCI TECHNO;;;
33597;1297243;4513;JAAMMEAS;JAMA-J AM MED ASSOC;;;
33598;1308786;176;JAAMMEAS;JAMA-J AM MED ASSN;;;
33621;1299933;884;JAMMEINAS;J AM MED INFORM ASSN;;;
33622;1299937;9;JAMMEINAS;J AMER MED INFORM ASSOC;;;
33655;1297632;1559;JADNU;J ADV NURS;;;
33656;1298525;20;JADNU;J ADDICT NURS;;;
33684;1298212;1084;JABPS;J ABNORM PSYCHOL;;;
33685;1308446;78;JABPS;J ABNORMAL PSYCHOL;;;
33686;1309149;4;JABPS;J ABNORMAL PSYCHOLOG;;;
33717;1297826;283;JAMPLAS;J AM PLANN ASSOC;;;
33718;1302372;5;JAMPLAS;J AMER PLANN ASSN;;;
33765;1297179;112;JACRE1;J ACCOUNTING RES;;;
33767;1312750;45;JACRE1;J ACCOUNT RES;;;
33770;1298711;1222;JADRE2;J ADVERTISING RES;;;
33772;1330807;4;JADRE2;J ADV RES;;;
33779;1298028;771;JANRE3;J ANTHROPOL RES;;;
33781;1310914;5;JANRE3;J ANTHR RES;;;
33853;1303173;618;JARSC;J ARCHAEOL SCI;;;
33854;1315072;24;JARSC;J ARCHAEOL SCI-REP;;;
33867;1297663;4073;JAMSTAS;J AM STAT ASSOC;;;
33868;1299862;950;JAMSTAS;J AMER STATIST ASSN;;;
33888;1297271;1889;JAMSOINSC;J AM SOC INFORM SCI;;;
33889;1308754;184;JAMSOINSC;J AMER SOC INFORM SCI;;;
33891;1297269;4391;JAMSOINSCTE;J AM SOC INF SCI TEC;;;
33892;1299100;768;JAMSOINSCTE;J AM SOC INF SCI TECHNOL;;;
33901;1298346;432;JABSOPS1;J ABNORMAL SOCIAL PS;;;
33902;1301887;316;JABSOPS1;J ABNORM SOC PSYCH;;;
33903;1307467;3;JABSOPS1;J ABNORMAL SOC PSYCH;;;
33904;1310512;12;JABSOPS1;J ABNORM SOC PSYCHOL;;;
33905;1310736;3;JABSOPS1;J ABNORM SOCIAL PSYC;;;
33912;1297558;1462;JAPSOPS2;J APPL SOC PSYCHOL;;;
33913;1305330;23;JAPSOPS2;J APPLIED SOCIAL PSY;;;
33915;1303223;101;JAPSPPS3;J APPL SPORT PSYCHOL;;;
33916;1303224;3;JAPSPPS3;J APPLIED SPORT PSYC;;;
34112;1298735;193;JBUECST;J BUS ECON STAT;;;
34114;1315567;12;JBUECST;J BUSINESS EC STAT;;;
34138;1299934;401;JBIIN;J BIOMED INFORM;;;
34141;1322710;5;JBIIN;J BIOMEDICAL INFORM;;;
34144;1299886;288;JBUINMA;J BUS IND MARK;;;
34145;1303240;54;JBUINMA;J BUSINESS IND MARKE;;;
34159;1316074;120;JBULO;J BUS LOGIST;;;
34158;1302162;81;JBULO;J BUSINESS LOGISTICS;;;
34165;1312716;156;JBRMA;J BRAND MANAG;;;
34166;1314297;32;JBRMA;J BRAND MANAGEMENT;;;
34208;1300392;431;JBUPS;J BUS PSYCHOL;;;
34209;1302954;24;JBUPS;J BUSINESS PSYCHOL;;;
34294;1298011;2785;JBUVE;J BUS VENTURING;;;
34293;1297882;275;JBUVE;J BUSINESS VENTURING;;;
34295;1340290;4;JBUVE;J BUS VENTUR;;;
34311;1297817;3156;JCO;J COMMUN;;;
34312;1298329;11;JCO;J COMMUNICATIONS;;;
34393;1298958;1053;JCOASLE;J COMPUT ASSIST LEAR;;;
34394;1304929;7;JCOASLE;J COMPUT ASSIST LEARN;;;
34430;1312715;316;JCOBE;J CONSUM BEHAV;;;
34429;1299256;7;JCOBE;J CONSUMER BEHAV;;;
34470;1311866;46741;JCOCO1;J COMPUT-MEDIAT COMM;;;
34468;1298209;11;JCOCO1;J COMPUT-MEDIAT COMMUN;;;
34489;1313815;185;JCOCU1;J CONSUM CULT;;;
34487;1301016;10;JCOCU1;J CONSUMER CULTURE;;;
34471;1312057;12;JCOCO2;J COMPUTER COMMUNICA;;;
34477;1331054;3;JCOCO2;J COMPUT COMMUN;;;
34490;1322332;14;JCOCU2;J COGN CULT;;;
34488;1307024;6;JCOCU2;J COGNITION CULTURE;;;
34514;1311767;160;JCRCUGE;J CROSS CULT GERONTOL;;;
34513;1304086;11;JCRCUGE;J CROSS CULT GERONTO;;;
34518;1312655;104;JCOCRJU;J CONTEMP CRIM JUST;;;
34517;1304669;15;JCOCRJU;J CONT CRIMINAL JUST;;;
34523;1297400;2650;JCOCLPS;J CONSULT CLIN PSYCH;;;
34524;1299108;53;JCOCLPS;J CONSULT CLIN PSYCHOL;;;
34527;1298759;603;JCRCUPS;J CROSS CULT PSYCHOL;;;
34528;1299807;87;JCRCUPS;J CROSS CULTURAL PSY;;;
34537;1300377;296;JCHDI;J CHRON DIS;;;
34539;1310506;98;JCHDI;J CHRONIC DIS;;;
34543;1298207;238;JCODE;J COUNS DEV;;;
34545;1304885;19;JCODE;J COUNS DEVELOP;;;
34670;1304578;123;JCHFAST;J CHILD FAM STUD;;;
34668;1298922;44;JCHFAST;J CHILD FAMILY STUDI;;;
34695;1299046;221;JCOHE;J COMMUN HEALTH;;;
34696;1320851;8;JCOHE;J COMMUNITY HEALTH;;;
34697;1331905;4;JCOHE;J COMMUNICATION HEAL;;;
34698;1338657;4;JCOHE;J COMMUN HEALTHC;;;
34784;1313372;695;JCOINSY;J COMPUT INFORM SYST;;;
34785;1316126;24;JCOINSY;J COMPUT INF SYST;;;
34786;1319924;23;JCOINSY;J COMPUTER INFORM SY;;;
34802;1297536;245;JCRJU;J CRIM JUST;;;
34803;1302609;22;JCRJU;J CRIME JUSTICE;;;
34856;1299251;79;JCOMA1;J CONSUMER MARKETING;;;
34857;1299259;366;JCOMA1;J CONSUM MARK;;;
34859;1312730;95;JCOMA2;J COMMUN MANAG;;;
34858;1301620;41;JCOMA2;J COMMUNICATION MANA;;;
34914;1298590;112;JCANU;J CARDIOVASC NURS;;;
34915;1305701;9;JCANU;J CARDIOVASCULAR NUR;;;
34931;1312662;135;JCONE;J COMPLEX NETWORK;;;
34932;1312733;53;JCONE;J COMPLEX NETW;;;
34933;1313487;82;JCONE;J COMPLEX NETWORKS;;;
35003;1311830;12;JCOPS1;J COGN PSYCHOTHER;;;
35000;1307085;6;JCOPS1;J COGNITIVE PSYCHOTH;;;
34996;1301005;65;JCOPS2;J CONSULT PSYCHOL;;;
35002;1310769;3;JCOPS2;J CONSULTING PSYCHOL;;;
35033;1298166;930;JCHPSPS;J CHILD PSYCHOL PSYC;;;
35034;1302760;13;JCHPSPS;J CHILD PSYCHOL PSYCHIAT;;;
35146;1315177;19;JCOSC;J COMPUTER SCI;;;
35150;1340528;5;JCOSC;J COMPUT SCI;;;
35196;1298537;338;JCOSTDE;J COLL STUDENT DEV;;;
35197;1300854;8;JCOSTDE;J COLLEGE STUDENT DE;;;
35198;1309286;3;JCOSTDE;J COLL STUD DEVELOP;;;
35232;1304344;549;JCOSYSC;J COMPUT SYST SCI;;;
35233;1304364;13;JCOSYSC;J COMPUTER SYSTEM SC;;;
35240;1313236;356;JCOSCTE;J COMPUT SCI TECH-CH;;;
35239;1302759;13;JCOSCTE;J COMPUT SCI TECHNOL;;;
35273;1299616;140;JCOTHB;J COMB THEORY B;;;
35274;1303528;5;JCOTHB;J COMBINATORIAL TH B;;;
35376;1312711;108;JDIDADI;J DIRECT DATA DIGITA;;;
35377;1327863;3;JDIDADI;J DIRECT DATA DIGIT;;;
35382;1297914;794;JDEEC;J DEV ECON;;;
35383;1303787;42;JDEEC;J DEVELOP ECON;;;
35489;1298472;462;JDEST;J DEV STUD;;;
35490;1306905;4;JDEST;J DEVELOP STUD;;;
35552;1298394;271;JEAAD;J EARLY ADOLESC;;;
35553;1298402;523;JEAAD;J EARLY ADOLESCENCE;;;
35608;1300032;337;JEVBI;J EVOLUTION BIOL;;;
35609;1357510;3;JEVBI;J EVOLUTIONARY BIOL;;;
35614;1298419;200;JEMBEDI;J EMOT BEHAV DISORD;;;
35615;1301617;73;JEMBEDI;J EMOTIONAL BEHAV DISORD;;;
35686;1300313;107;JEXCHPS;J EXP CHILD PSYCHOL;;;
35687;1309610;5;JEXCHPS;J EXPT CHILD PSYCHOL;;;
35639;1315263;109;JEDCH;J EDUC CHANG;;;
35638;1297583;20;JEDCH;J ED CHANGE;;;
35692;1311985;382;JELCORE;J ELECTRON COMMER RE;;;
35693;1324209;6;JELCORE;J ELECT COMMERCE RES;;;
35732;1298429;414;JEVEC;J EVOL ECON;;;
35733;1299487;42;JEVEC;J EVOLUTIONARY EC;;;
35913;1299110;400;JECPS;J ECON PSYCHOL;;;
35914;1303111;19;JECPS;J ECON PSYCH;;;
35738;1299385;362;JEUECAS;J EUR ECON ASSOC;;;
35739;1300959;12;JEUECAS;J EUROPEAN EC ASS;;;
35915;1298480;117;JEDPO;J EDUC POLICY;;;
35916;1304450;15;JEDPO;J ED POLICY;;;
35919;1298755;806;JEDPS;J EDUC PSYCHOL;;;
35920;1310483;4;JEDPS;J ED PSYCHOL;;;
35946;1303660;15;JEXPSGE;J EXPT PSYCHOL GENER;;;
35947;1304617;303;JEXPSGE;J EXP PSYCHOL GEN;;;
35956;1300088;161;JEXPSLE;J EXP PSYCHOL LEARN;;;
35957;1302695;5;JEXPSLE;J EXPT PSYCHOL LEARN;;;
35962;1312288;112;JENPLMA;J ENVIRON PLANN MAN;;;
35960;1301357;6;JENPLMA;J ENV PLANNING MANAG;;;
35972;1305439;185;JEUPUPO;J EUR PUBLIC POLICY;;;
35973;1306714;11;JEUPUPO;J EUROPEAN PUBLIC PO;;;
36019;1299490;140;JECSU;J ECON SURV;;;
36020;1308080;11;JECSU;J EC SURVEYS;;;
36078;1297944;1191;JEXSOPS;J EXP SOC PSYCHOL;;;
36079;1298196;191;JEXSOPS;J EXPT SOCIAL PSYCHO;;;
36100;1297654;1572;JECTH;J ECON THEORY;;;
36101;1298268;124;JECTH;J ECON THEOR;;;
36165;1301358;109;JFO;J FOREST;;;
36164;1298299;39;JFO;J FORECASTING;;;
36213;1297650;888;JFIEC;J FINANC ECON;;;
36214;1327359;3;JFIEC;J FINANC ECONOMET;;;
36245;1297398;730;JFAIS;J FAM ISSUES;;;
36246;1297401;61;JFAIS;J FAMILY ISSUES;;;
36247;1298428;79;JFAIS;J FAM ISS;;;
36295;1299123;170;JFAPR;J FAM PRACTICE;;;
36296;1308068;4;JFAPR;J FAM PRACT;;;
36297;1308471;3;JFAPR;J FAMILY PRACTICE;;;
36298;1298412;427;JFAPS1;J FAM PSYCHOL;;;
36299;1301697;58;JFAPS1;J FAMILY PSYCHOL;;;
36300;1303380;32;JFAPS1;J FAMILY PSYCHOLOGY;;;
36301;1304883;5;JFAPS2;J FAMILY PSYCHOTHERA;;;
36303;1336876;4;JFAPS2;J FAM PSYCHOTHER;;;
36374;1297389;150;JFAVI;J FAM VIOLENCE;;;
36375;1297395;22;JFAVI;J FAMILY VIOLENCE;;;
36383;1297859;1890;JGE;J GERONTOL;;;
36386;1310557;5;JGE;J GERONTOLOGY;;;
36473;1297222;1546;JGEINME;J GEN INTERN MED;;;
36474;1308000;10;JGEINME;J GEN INTERNAL MED;;;
36535;1298381;64;JGEPS;J GEN PSYCHOL;;;
36536;1300786;124;JGEPS;J GENET PSYCHOL;;;
36573;1298424;157;JGESO;J GERONTOLOGY SOCIAL;;;
36574;1302422;64;JGESO;J GERONTOLOGICAL SOC;;;
36915;1297238;4225;JHESOBE;J HEALTH SOC BEHAV;;;
36916;1300181;474;JHESOBE;J HEALTH SOC BEHAVIOR;;;
36917;1299909;223;JHLSOBE;J HLTH SOCIAL BEHAV;;;
36918;1310508;6;JHLSOBE;J HLTH SOCIAL BEHAVI;;;
36919;1310524;3;JHLSOBE;J HLTH SOC BEHAV;;;
37016;1312064;585;JINAD;J INTERACTIVE ADVERT;;;
37017;1313807;18;JINAD;J INTERACT ADVERT;;;
37075;1298841;63;JINCA;J INTELLECTUAL CAPIT;;;
37076;1314020;162;JINCA;J INTELLECT CAP;;;
37147;1298803;641;JINDI;J INFECT DIS;;;
37148;1304595;84;JINDI;J INFEC DIS;;;
37175;1298740;400;JINDIRE;J INTELL DISABIL RES;;;
37151;1315183;42;JINDIRE;J INTELLECT DISABILI;;;
37176;1299942;16;JINDIRE;J INTELLECT DISABIL RES;;;
37353;1312225;208;JIMMIHE;J IMMIGR MINOR HEALT;;;
37354;1312508;40;JIMMIHE;J IMMIGR MINOR HEALTH;;;
37319;1312628;224;JINMA;J INT MANAG;;;
37317;1301000;8;JINMA;J INT MANAGEMENT;;;
37375;1297690;133;JINNESO;J INT NEUROPSYCH SOC;;;
37376;1316829;3;JINNESO;J INT NEUROPSYCHOL SOC;;;
37457;1299926;1048;JINSC;J INF SCI;;;
37459;1301566;474;JINSC;J INFORM SCI;;;
37460;1302361;24;JINSC;J INFORMATION SCI;;;
37503;1315702;156;JINSYED;J INFORM SYSTEMS ED;;;
37505;1339863;3;JINSYED;J INF SYST ED;;;
37543;1297448;768;JINTE;J INF TECHNOL;;;
37544;1300825;107;JINTE;J INFORM TECHNOL;;;
37546;1313832;8;JINTE;J INF TECHNOL-UK;;;
37547;1315121;3;JINTE;J INFORM TECHNOLOGIE;;;
37548;1319264;25;JINTE;J INFORM TECHNOLOGY;;;
37549;1339242;6;JINTE;J INFORMATION TECHNO;;;
37580;1314597;340;JINTEPO;J INF TECHNOL POLITI;;;
37581;1338485;7;JINTEPO;J INF TECHNOL POLIT;;;
37903;1313880;527;JKNMA;J KNOWL MANAG;;;
37901;1297726;9;JKNMA;J KNOWL MANAGE;;;
37902;1298846;275;JKNMA;J KNOWLEDGE MANAGEME;;;
38093;1302435;101;JLIINSC;J LIBR INF SCI;;;
38094;1314274;4;JLIINSC;J LIB INFORM SCI;;;
38318;1300445;544;JOMACO;JOURNALISM MASS COMM;;;
38319;1303126;14;JOMACO;JOURNALISM MASS COMMUN;;;
38367;1308732;189;JMAEN;J MANAGE ENG;;;
38368;1317556;11;JMAEN;J MANAGEMENT ENG;;;
38410;1297393;4021;JMAFA;J MARRIAGE FAM;;;
38412;1310462;21;JMAFA;J MARRIAGE FAMILY;;;
38427;1298725;204;JMAFATH;J MARITAL FAM THER;;;
38428;1302799;13;JMAFATH;J MARITAL FAMILY THE;;;
38451;1311933;104;JMEHE;J MENT HEALTH;;;
38454;1298830;116;JMEHE;J MENTAL HLTH;;;
38455;1303449;6;JMEHE;J MENT HLTH;;;
38452;1320537;17;JMEHL;J MENS HEALTH;;;
38456;1304258;8;JMEHL;J MENS HLTH;;;
38491;1297948;151;JMAIN1;J MANAGE INQUIRY;;;
38492;1301647;32;JMAIN1;J MANAGEMENT INQUIRY;;;
38490;1297452;110;JMAIN2;J MANAGEMENT INFORMA;;;
38494;1308476;43;JMAIN2;J MANAGEMENT INFORM;;;
38566;1300152;207;JMAMA;J MARKET MANAG;;;
38565;1299622;117;JMAMA;J MARKETING MANAGEME;;;
38567;1313477;89;JMAMA;J MARKET MANAG-UK;;;
38629;1312213;204;JMAPS;J MANAGE PSYCHOL;;;
38626;1299257;125;JMAPS;J MANAGERIAL PSYCHOL;;;
38634;1313028;130;JMEPS;J MEDIA PSYCHOL;;;
38635;1313506;150;JMEPS;J MEDIA PSYCHOL-GER;;;
38655;1298298;6045;JMARE;J MARKETING RES;;;
38656;1304926;47;JMARE;J MARKET RES-CHICAGO;;;
38694;1297662;5165;JMASO;J MATH SOCIOL;;;
38696;1310521;18;JMASO;J MATH SOCIOLOGY;;;
38697;1310680;10;JMASO;J MATH SOC;;;
38702;1297180;1750;JMAST;J MANAGE STUD;;;
38703;1298710;180;JMAST;J MANAGE STUD-OXFORD;;;
38818;1330503;19;JNE1;J NETWORKS;;;
38824;1341684;3;JNE1;J NETW;;;
38817;1329231;15;JNE2;J NEUROSURG;;;
38823;1340452;3;JNE2;J NEUROSURG-PEDIATR;;;
38978;1298323;249;JNAMEAS;J NATL MED ASSOC;;;
38979;1300384;12;JNAMEAS;J NATL MED ASSN;;;
39055;1297636;198;JNUSC;J NURS SCHOLARSHIP;;;
39056;1303195;18;JNUSC;J NURS SCHOLARSH;;;
39057;1306176;6;JNUSC;J NURSING SCI;;;
39259;1300466;302;JORCOELCO;J ORG COMP ELECT COM;;;
39260;1305568;6;JORCOELCO;J ORGAN COMPUT ELECTRON COMME;;;
39438;1298369;137;JOCHEPS;J OCCUP HEALTH PSYCH;;;
39439;1304241;70;JOCHEPS;J OCCUP HEALTH PSYCHOL;;;
39522;1299623;820;JOPMA;J OPER MANAG;;;
39521;1299621;58;JOPMA;J OPERATIONS MANAGEM;;;
39663;1299894;212;JOPRESO;J OPER RES SOC;;;
39664;1320226;27;JOPRESO;J OPERATIONAL RES SO;;;
39680;1314751;167;JOFST;J OFF STAT;;;
39677;1303838;14;JOFST;J OFFICIAL STAT;;;
39863;1311864;261;JOPR;JOURNAL PRACT;;;
39864;1330808;5;JOPR;JOURNALISM PRACTICE;;;
39872;1297695;1356;JPE1;J PERS;;;
39873;1298698;53;JPE1;J PERSONALITY;;;
39871;1297146;68;JPE2;J PEDIATR;;;
39874;1303745;12;JPE2;J PEDIAT;;;
39878;1312139;142;JPE;J PEDIATR-US;;;
39984;1312062;184;JPRBRMA;J PROD BRAND MANAG;;;
39983;1298714;70;JPRBRMA;J PRODUCT BRAND MANA;;;
40041;1298691;170;JPEDI;J PERS DISORD;;;
40042;1298696;17;JPEDI;J PERSONALITY DISORD;;;
40045;1297941;275;JPSDR1;J PSYCHOACTIVE DRUGS;;;
40046;1301222;3;JPSDR1;J PSYCHOACTIVE DRUG;;;
40047;1310598;3;JPSDR2;J PSYCHEDELIC DRUGS;;;
40048;1310818;6;JPSDR2;J PSYCHED DRUGS;;;
40072;1298264;2227;JPOEC1;J POLIT ECON;;;
40071;1297439;436;JPOEC1;J POLITICAL EC;;;
40074;1306464;10;JPOEC2;J POLITICAL ECOLOGY;;;
40075;1330243;7;JPOEC2;J POLIT ECOL;;;
40120;1311815;124;JPUHE;J PUBLIC HEALTH-UK;;;
40121;1315562;26;JPUHE;J PUBLIC HEALTH-HEID;;;
40119;1301239;27;JPUHE;J PUBLIC HEALTH;;;
40185;1297716;1301;JPRINMA;J PROD INNOVAT MANAG;;;
40186;1300963;17;JPRINMA;J PROD INNOVAT MANAGE;;;
40206;1298880;108;JPAME1;J PALLIAT MED;;;
40207;1303747;3;JPAME1;J PALLIATIVE MED;;;
40208;1322620;5;JPAME2;J PARTICIPAT MED;;;
40209;1336530;4;JPAME2;J PARTICIPATORY MED;;;
40275;1312786;102;JPENU3;J PEDIATR NURS;;;
40271;1299984;18;JPENU3;J PEDIAT NURSING;;;
40272;1300775;10;JPENU3;J PEDIAT NURS;;;
40324;1298638;537;JPEPS;J PEDIATR PSYCHOL;;;
40325;1300454;8;JPEPS;J PEDIAT PSYCHOL;;;
40347;1312182;190;JPRPR;J PRIM PREV;;;
40346;1301553;40;JPRPR;J PRIM PREVENT;;;
40397;1297689;438;JPSRE;J PSYCHIAT RES;;;
40398;1299547;225;JPSRE;J PSYCHIATR RES;;;
40466;1298885;136;JPASYMA;J PAIN SYMPTOM MANAG;;;
40467;1300929;8;JPASYMA;J PAIN SYMPTOM MANAGE;;;
40471;1297158;12995;JPESOPS;J PERS SOC PSYCHOL;;;
40472;1302752;1376;JPESOPS;J PERSONAL SOC PSYCHOL;;;
40531;1299358;147;JQUAN;J QUANTITATIVE ANTHR;;;
40532;1305571;5;JQUAN;J QUANT ANTHROPOL;;;
40540;1300796;531;JQUCR;J QUANT CRIMINOL;;;
40541;1303409;70;JQUCR;J QUANTITATIVE CRIMI;;;
40542;1308468;3;JQUCR;J QUANTIATIVE CRIMIN;;;
40589;1298404;1626;JREAD;J RES ADOLESCENCE;;;
40590;1299874;111;JREAD;J RES ADOLESCE;;;
40733;1311995;256;JREINMA;J RES INTERACT MARK;;;
40734;1322291;17;JREINMA;J RES INTERACTIVE MA;;;
40797;1298697;1110;JREPE;J RES PERS;;;
40798;1299974;5;JREPE;J RES PERSONAL;;;
40823;1297821;279;JRESC;J REGIONAL SCI;;;
40824;1300331;7;JRESC;J REG SCI;;;
40832;1312212;162;JREST;J REFUG STUD;;;
40829;1299876;39;JREST;J REFUGEE STUDIES;;;
40889;1313144;138;JROSTSOB;J ROY STAT SOC B;;;
40888;1300078;34;JROSTSOB;J ROYAL STAT SOC B;;;
40918;1313549;103;JRETEED;J RES TECHNOL EDUC;;;
40917;1301521;23;JRETEED;J RES TECHNOLOGY ED;;;
40988;1297862;222;JSUAB;J SUBST ABUSE;;;
40989;1298816;75;JSUAB;J SUBSTANCE ABUSE;;;
40999;1297696;721;JSTALDR;J STUD ALCOHOL DRUGS;;;
40998;1297487;6;JSTALDR;J STUDIES ALCOHOL DR;;;
40955;1299166;8;JSO1;J SOCIOECON;;;
40957;1299662;59;JSO1;J SOCIOECONOMICS;;;
40962;1314657;48;JSO2;J SOFTWARE;;;
40964;1318742;15;JSO2;J SOFTW;;;
41053;1298076;697;JSMBUMA;J SMALL BUS MANAGE;;;
41054;1299345;33;JSMBUMA;J SMALL BUS MANAGEMENT;;;
41055;1306030;3;JSMBUMA;J SMALL BUSINESS MAN;;;
41058;1302221;165;JSOBEPE;J SOC BEHAV PERS;;;
41059;1302927;13;JSOBEPE;J SOCIAL BEHAV PERSO;;;
41246;1297330;2262;JSOIS;J SOC ISSUES;;;
41247;1310573;8;JSOIS;J SOCIAL ISSUES;;;
41295;1311993;287;JSEMA;J SERV MARK;;;
41293;1299884;11;JSEMA;J SERVICES MARKETING;;;
41356;1298420;44;JSCPS;J SCH PSYCHOL;;;
41357;1298949;283;JSCPS;J SCHOOL PSYCHOL;;;
41375;1297622;438;JSTPH;J STAT PHYS;;;
41376;1305650;94;JSTPH;J STATIST PHYS;;;
41401;1298193;2237;JSOPERE;J SOC PERS RELAT;;;
41402;1298644;173;JSOPERE;J SOCIAL PERSONAL RE;;;
41403;1300877;414;JSOPERE;J SOC PERSON RELAT;;;
41422;1298289;51;JSERE;J SERVICE RES;;;
41424;1303063;926;JSERE;J SERV RES-US;;;
41425;1317644;19;JSERE;J SERVICES RES;;;
41426;1341818;3;JSERE;J SERV RES;;;
41474;1299070;271;JSOST;J SOCIAL STRUCTURE;;;
41475;1302995;74;JSOST;J SOC STRUCT;;;
41478;1312089;144;JSPSC;J SPORT SCI;;;
41477;1300381;6;JSPSC;J SPORTS SCI;;;
41799;1299484;104;JTRNU;J TRANSCULT NURS;;;
41800;1302229;12;JTRNU;J TRANSCULTURAL NURS;;;
41811;1298963;174;JTHPO;J THEOR POLIT;;;
41812;1306779;39;JTHPO;J THEORETICAL POLITI;;;
41888;1298070;221;JTETR;J TECHNOLOGY TRANSFE;;;
41889;1305708;211;JTETR;J TECHNOL TRANSFER;;;
42039;1302476;143;JVIIMBL;J VISUAL IMPAIR BLIN;;;
42040;1307406;11;JVIIMBL;J VISUAL IMPAIR BLIND;;;
42229;1300073;38;JYOST;J YOUTH STUDIES;;;
42230;1311914;420;JYOST;J YOUTH STUD;;;
42771;1299427;113;KNPRMA;KNOWLEDGE PROCESS MA;;;
42772;1314250;60;KNPRMA;KNOWL PROCESS MANAG;;;
42925;1301766;172;KOZSOSO;KOLNER Z SOZIOL SOZ;;;
42924;1300448;40;KOZSOSO;KOLNER Z SOZIOL SOZIALPSYCHOL;;;
42934;1298933;28;LA;LABOUR;;;
42942;1313770;31;LA;LABOUR-ENGL;;;
43176;1299732;109;LAAMRERE;LAT AM RES REV;;;
43175;1299731;12;LAAMRERE;LAT AMER RES REV;;;
43302;1299878;175;LIDEBE;LIFE-SPAN DEV BEHAV;;;
43303;1304484;3;LIDEBE;LIFESPAN DEV BEHAV;;;
43323;1302719;113;LAEC;LANDSCAPE ECOL;;;
43325;1349591;4;LAEC;LANDSCAPE ECOLOGY;;;
43349;1314124;139;LOEN;LOCAL ENVIRON;;;
43348;1297316;41;LOEN;LOCAL ENV;;;
43463;1317511;171;LIHITE;LIBR HI TECH;;;
43462;1300789;16;LIHITE;LIB HI TECH;;;
43464;1318152;6;LIHITE;LIBRARY HI TECH;;;
43520;1302096;10;LIINSC;LIB INFORM SCI;;;
43519;1300443;155;LIINSC;LIB INFORMATION SCI;;;
43530;1300102;508;LIINSCRE;LIBR INFORM SCI RES;;;
43531;1330805;5;LIINSCRE;LIB INFORM SCI RES;;;
43658;1302889;356;LALETE;LANG LEARN TECHNOL;;;
43659;1302892;54;LALETE;LANGUAGE LEARNING TE;;;
43722;1311915;1246;LEMETE;LEARN MEDIA TECHNOL;;;
43723;1317890;34;LEMETE;LEARNING MEDIA TECHN;;;
43731;1298677;3057;LENOARIN;LECT NOTES ARTIF INT;;;
43732;1301344;241;LENOARIN;LECT NOTE ARTIF INTELL;;;
43740;1299613;775;LENOCOSC;LECT NOTES COMPUTER;;;
43741;1313712;30;LENOCOSC;LECT NOTES COMPUT<D>;;;
43750;1298022;14604;LENOCOSC;LECT NOTES COMPUT SC;;;
43752;1301269;775;LENOCOSC;LECT NOTE COMPUT SCI;;;
43753;1317893;4;LENOCOSC;LECT NOTES COMP SCI;;;
43791;1298686;141;LENOPH;LECT NOTES PHYS;; ;
43792;1311158;13;LENOPH;LECT NOTE PHYS;;;
43811;1298302;104;LEOR;LEARNING ORG;;;
43812;1313207;122;LEOR;LEARN ORGAN;;;
43813;1348948;3;LEOR;LEARN ORG;;;
43898;1300964;1198;LEQU;LEADERSHIP QUART;;;
43899;1302364;145;LEQU;LEADERSHIP QUARTERLY;;;
43923;1306627;24;LIRE;LIB REV;;;
43925;1313668;131;LIRE;LIBR REV;;;
43926;1314272;4;LIRE;LIBRARY REVIEW;;;
43990;1300320;406;LASO;LANG SOC;;;
43992;1320096;7;LASO;LANGUAGE SOC;;;
43994;1328500;13;LASO;LANGAGE SOC;;;
43999;1302143;234;LESC;LEISURE SCI;;;
44000;1318334;13;LESC;LEISURE SCIENCES;;;
44101;1302665;189;LITR;LIBR TRENDS;;;
44102;1311329;8;LITR;LIB TRENDS;;;
44248;1298859;161;ME;METHODOLOGY;;;
44275;1318570;28;ME;METHODOLOGY-EUR;;;
44340;1298650;4;MI;MICROBIOL;;;
44348;1314800;38;MI;MICROBIOL-SGM;;;
44356;1324780;6;MI;MICROBIOL-UK;;;
44391;1301059;118;MO;MOBILITIES;;;
44399;1313265;179;MO;MOBILITIES-UK;;;
44630;1297274;969;MABI;MATH BIOSCI;;;
44634;1321551;13;MABI;MATHEMATICAL BIOSCIENCES;;;
44910;1297174;531;MADE;MANAGE DECIS;;;
44913;1312637;46;MADE;MANAGEMENT DECISION;;;
44914;1314857;29;MADE;MANAG DECIS;;;
44916;1329298;3;MADE;MANAGEMENT DECISIONS;;;
45006;1300275;399;MEED;MED EDUC;;;
45008;1316885;3;MEED;MEDIA ED;;;
45542;1297549;431;MEJAU;MED J AUSTRALIA;;;
45544;1328633;4;MEJAU;MED J AUST;;;
45667;1300274;206;MALE1;MANAGE LEARN;;;
45669;1301644;13;MALE1;MANAGEMENT LEARNING;;;
45666;1298294;721;MALE2;MARKET LETT;;;
45670;1305697;332;MALE2;MARK LETT;;;
45665;1297660;1305;MALE3;MACH LEARN;;;
45673;1312042;19;MALE3;MACHINE LEARNING;;;
45894;1314129;115;MOMECO;MOB MEDIA COMMUN;;;
45895;1339033;6;MOMECO;MOBILE MEDIA COMMUNI;;;
46106;1312636;236;MAORRE;MANAGE ORGAN REV;;;
46107;1314586;109;MAORRE;MANAGEMENT ORG REV;;;
46125;1303981;343;MAPR;MATH PROGRAM;;;
46127;1319740;7;MAPR;MATHEMATICAL PROGRAMMING;;;
46148;1303716;478;MEPS;MEDIA PSYCHOL;;;
46149;1309417;4;MEPS;MED PSYCHOL;;;
46178;1301009;275;MOPS;MOL PSYCHIATR;;;
46183;1357491;5;MOPS;MOL PSYCHIATRY;;;
46295;1297456;8152;MIQU;MIS QUART;;;
46294;1298861;359;MIQU;MIS Q;;;
46293;1297892;517;MIQ;MILBANK Q;;;
46296;1305529;4;MIQ;MILBANK QUART;;;
46434;1311983;121;MARERE;MANAG RES REV;;;
46435;1336983;8;MARERE;MANAGEMENT RES REV;;;
46459;1297161;9724;MASC1;MANAGE SCI;;;
46466;1314718;33;MASC1;MANAGEMENT SCIENCE;;;
46469;1326664;3;MASC1;MANAGEMENT SCI;;;
46460;1297949;2312;MASC2;MARKET SCI;;;
46467;1318801;7;MASC2;MARK SCI;;;
46552;1316467;106;MUSY;MULTIMEDIA SYST;;;
46553;1337404;4;MUSY;MULTIMEDIA SYSTEMS;;;
46729;1299969;446;MESCSPEX;MED SCI SPORT EXER;;;
46730;1302981;22;MESCSPEX;MED SCI SPORTS EXERC;;;
46762;1311880;103;MATH;MARKETING THEOR;;;
46761;1300414;80;MATH;MARKETING THEORY;;;
46763;1324298;6;MATH;MARK THEORY;;;
47689;1302432;177;NUEDTO;NURS EDUC TODAY;;;
47690;1319358;6;NUEDTO;NURSE EDUC TODAY;;;
47753;1300164;102;NEGECO;NEW GENERAT COMPUT;;;
47754;1324732;4;NEGECO;NEW GENERATION COMPUTING;;;
48022;1299402;148;NOJPS;NORD J PSYCHIAT;;;
48023;1303844;11;NOJPS;NORD J PSYCHIATR;;;
48153;1308091;17;NUMA;NURS MANAGE;;;
48152;1301755;4;NUMA;NURSING MANAGEMENT;;;
48316;1300166;1241;NAPH;NAT PHYS;;;
48318;1315389;25;NAPH;NATURE PHYS;;;
48472;1297530;597;NURE;NURS RES;;;
48473;1299939;46;NURE;NURSE RES;;;
48553;1299919;441;NARENE;NAT REV NEUROSCI;;;
48554;1315613;12;NARENE;NAT REV NEUROL;;;
48607;1312028;215;NESC;NETW SCI;;;
48608;1313121;45;NESC;NETWORK SCI;;;
48609;1320858;15;NESC;NETWORK SCIENCE;;;
49195;1297922;1958;ORBEHUDE;ORGAN BEHAV HUM DEC;;;
49196;1298140;30;ORBEHUDE;ORG BEHAV HUMAN DECI;;;
49316;1300676;114;OCENME;OCCUP ENVIRON MED;;;
49317;1302492;3;OCENME;OCCUP ENVIRON MEDICINE;;;
49341;1299479;175;OBGY;OBSTET GYNECOL;;;
49342;1321441;4;OBGY;OBSTET GYNECOLOGY;;;
49442;1303050;1055;ONINRE;ONLINE INFORM REV;;;
49441;1300173;30;ONINRE;ONLINE INF REV;;;
49667;1301193;254;ONNUFO;ONCOL NURS FORUM;;;
49666;1299412;38;ONNUFO;ONCOLOGY NURSING FOR;;;
49830;1297166;12953;ORSC;ORGAN SCI;;;
49832;1308875;3;ORSC;ORG SCI;;;
50221;1322522;13;PO1;POLITICS;;;
50222;1322854;19;PO1;POLITICS-OXFORD;;;
50239;1341273;6;PO2;POLITIKON;;;
50219;1322104;4;PO2;POLITIKON-UK;;;
50348;1299223;469;PS;PSYCHO-ONCOL;;;
50385;1315782;3;PS;PSYCHO-ONCOLOGIE;;;
50371;1306517;10;PS;PSYCHOONCOLOGY;;;
50379;1311843;292;PS;PSYCHO-ONCOLOGY;;;
51881;1299998;109;PSAN;PSYCHIAT ANN;;;
51883;1310604;4;PSAN;PSYCHIATRIC ANN;;;
51890;1303120;375;PUAD;PUBLIC ADMIN;;;
51891;1321375;9;PUAD;PUBLIC ADM;;;
52277;1298222;613;POBE;POLIT BEHAV;;;
52278;1303538;18;POBE;POLITICAL BEHAVIOR;;;
52279;1305325;37;POBE;POLITICAL BEHAV;;;
52313;1299749;73;PSBU;PSYCHOPHARMACOL BULL;;;
52315;1342508;7;PSBU;PSYCHOPHARMACOLOGY BULLETIN;;;
52346;1299175;135;PEBIME;PERSPECT BIOL MED;;;
52347;1304477;4;PEBIME;PERSPECTIVES BIOL ME;;;
52348;1310500;3;PEBIME;PERSPEC BIOL MED;;;
52586;1300641;109;PRCHDI;PREV CHRONIC DIS;;;
52585;1300038;6;PRCHDI;PREV CHRON DIS;;;
52587;1340688;3;PRCHDI;PREVENTING CHRONIC DISEASE;;;
52708;1311732;8;PRCOSC;PROCEDIA COMPUTER SCIENCE;;;
52709;1312534;604;PRCOSC;PROCEDIA COMPUT SCI;;;
52710;1327437;33;PRCOSC;PROCEDIA COMPUTER SC;;;
52783;1314339;119;PSDA;PSYCHIAT DANUB;;;
52784;1326850;6;PSDA;PSYCHIATR DANUB;;;
52836;1297468;925;PODERE;POPUL DEV REV;;;
52837;1306910;17;PODERE;POP DEVELOP REV;;;
52949;1311729;105;PREN;PROCEDIA ENGINEER;;;
52951;1337421;11;PREN;PROCEDIA ENG;;;
53238;1298981;212;POGE;POLIT GEOGR;;;
53239;1300838;21;POGE;POLITICAL GEOGRAPHY;;;
53382;1297325;943;PRHUGE;PROG HUM GEOG;;;
53383;1299167;58;PRHUGE;PROGR HUMAN GEOGRAPH;;;
53384;1303031;92;PRHUGE;PROG HUM GEOGR;;;
53531;1312447;30;PSIN;PSYCHOSOC INTERV;;;
53530;1312445;5;PSIN;PSYCHOSOCIAL INTERVENTION;;;
54429;1299112;882;PSMA;PSYCHOL MARKET;;;
54430;1321808;3;PSMA;PSYCHOL MARK;;;
54435;1305508;8;PSME;PSYCHIAT MED;;;
54436;1307917;3;PSME;PSYCHIATR MED;;;
54445;1298923;35;PUMA;PUBLIC MANAGEMENT;;;
54446;1317526;12;PUMA;PUBLIC MANAGER;;;
54501;1297453;484;PUMAIHU;PUBL MATH I HUNG;;;
54502;1333276;6;PUMAIHU;PUBL MATH I HUNGARIA;;;
54510;1314855;119;PRMAJ;PROJ MANAG J;;;
54508;1297728;17;PRMAJ;PROJ MANAGE J;;;
54509;1302291;61;PRMAJ;PROJECT MANAGEMENT J;;;
54543;1311852;130;PUMARE;PUBLIC MANAG REV;;;
54542;1299280;38;PUMARE;PUBLIC MANAGEMENT RE;;;
55034;1314364;130;PEPO;PERSPECT POLIT;;;
55033;1297951;105;PEPO;PERSPECTIVES POLITIC;;;
55096;1297703;737;POPS;POLIT PSYCHOL;;;
55097;1303090;19;POPS;POLITICAL PSYCHOL;;;
55164;1297604;170;PSPS;PSYCHOTHER PSYCHOSOM;;;
55165;1303450;6;PSPS;PSYCHOTHERAPIE PSYCH;;;
55328;1299209;375;PRPSPR;PROF PSYCHOL-RES PR;;;
55329;1310361;4;PRPSPR;PROF PSYCHOL-RES PRACT;;;
55593;1305093;16;PSREJ;PSYCHOSOC REHABIL J;;;
55594;1306904;5;PSREJ;PSYCHOSOC REHAB J;;;
55598;1304350;537;PARELE;PATTERN RECOGN LETT;;;
55599;1317135;3;PARELE;PATTERN RECOGNIT LET;;;
55637;1306359;1597;PURERE;PUBLIC RELAT REV;;;
55638;1335155;4;PURERE;PUBLIC RELATIONS RES;;;
55641;1300998;306;PARESC;PAP REG SCI;;;
55640;1297364;107;PARESC;PAPERS REGIONAL SCI;;;
55624;1297894;267;POREPORE;POPUL RES POLICY REV;;;
55625;1301497;12;POREPORE;POP RES POLICY REV;;;
55789;1299227;487;POST1;POLIT STUD-LONDON;;;
55791;1304940;25;POST1;POLITICAL STUDIES;;;
55792;1310263;13;POST1;POL STUD;;;
55790;1304667;20;POST2;POLICY STUDIES;;;
55793;1318962;17;POST2;POLICY STUD-UK;;;
55798;1337588;3;POST2;POLICY STUD;;;
55795;1323873;3;POST3;POSTCOLONIAL STUD;;;
55787;1297348;4;POST3;POSTCOLONIAL STUDIES;;;
55864;1299157;700;PSSE;PSYCHIAT SERV;;;
55863;1297492;496;PSSE;PSYCHIATR SERV;;;
55865;1300257;38;PSSE;PSYCHIATR SERVICES;;;
55867;1306894;3;PSSE;PSYCHIAT SERVICES;;;
55856;1301942;177;PSSC;PSYCHOL SCHOOLS;;;
55858;1304992;6;PSSC;PSYCHOL SCH;;;
55935;1311698;1065;PRSOBE;PROCD SOC BEHV;;;
55936;1312470;97;PRSOBE;PROCEDIA SOCIAL BEHA;;;
55982;1298421;291;POSTDE;POP STUD-J DEMOG;;;
55983;1300746;36;POSTDE;POP STUD-J DEMOGR;;;
56082;1297982;224;PSSCPO;PS-POLIT SCI POLIT;;;
56083;1298064;110;PSSCPO;PS-POLITICAL SCI POL;;;
56384;1311717;155;PVLEN;P VLDB ENDOWMENT;;;
56385;1314869;134;PVLEN;P VLDB ENDOW;;;
56630;1312373;112;QUIN;QUAL INQ;;;
56628;1303740;34;QUIN;QUALITATIVE INQUIRY;;;
56696;1297301;756;QULIRE;QUAL LIFE RES;;;
56697;1303916;5;QULIRE;QUALITY LIFE RES;;;
56748;1300159;875;QUQU;QUAL QUANT;;;
56749;1310499;4;QUQU;QUALITY QUANTITY;;;
56758;1312080;130;QURE1;QUAL RES;;;
56760;1317444;81;QURE1;QUALITATIVE RES;;;
56811;1298728;227;QUSO;QUALITATIVE SOCIOLOG;;;
56814;1316075;36;QUSO;QUAL SOCIOL;;;
56759;1313221;68;QURE2;QUAL REP;;;
56756;1301333;33;QURE2;QUALITATIVE REPORT;;;
56802;1313980;315;QUREPS;QUALITATIVE RES PSYC;;;
56801;1312642;21;QUREPS;QUAL RES PSYCHOL;;;
57687;1300023;102;RECLGE;REV CLIN GERONTOLOGY;;;
57688;1300305;29;RECLGE;REV CLIN GERONTOL;;;
58094;1312178;178;REENCH;REG ENVIRON CHANGE;;;
58095;1331115;4;REENCH;REGIONAL ENV CHANGE;;;
58359;1297252;1199;REECST1;REV ECON STAT;;;
58362;1307158;57;REECST1;REV ECON STATIST;;;
58363;1314420;6;REECST1;REV ECON STATISTICS;;;
58545;1298010;377;REFIST2;REV FINANC STUD;;;
58546;1363808;3;REFIST2;REV FINAN STUD;;;
58551;1299850;258;REFRSO;REV FR SOCIOL;;;
58552;1305895;29;REFRSO;REV FRANCAISE SOCIOL;;;
59536;1297190;1880;REORBE;RES ORGAN BEHAV;;;
59537;1307760;399;REORBE;RES ORGAN BEH;;;
59602;1297206;6325;REPO1;RES POLICY;;;
59605;1314721;29;REPO1;RESOUR POLICY;;;
60146;1298186;751;RUSO;RURAL SOCIOL;;;
60148;1310556;33;RUSO;RURAL SOC;;;
60149;1310910;7;RUSO;RURAL SOCIOLOGY;;;
60329;1297574;305;RESOOR;RES SOC ORG;;;
60331;1301649;91;RESOOR;RES SOCIOLOGY ORG;;;
60332;1311683;205;RESOOR;RES SOCIOL ORGAN-RES;;;
60744;1312411;163;SE;SENSORS-BASEL;;;
60748;1317243;12;SE;SENSORS;;;
60965;1312920;145;SU;SUSTAINABILITY-BASEL;;;
60967;1319752;22;SU;SUSTAINABILITY;;;
61049;1297734;665;SCAM;SCI AM;;;
61050;1304670;108;SCAM;SCI AMER;;;
61436;1297796;574;SCB;SCHIZOPHRENIA B;;;
61437;1302582;29;SCB;SCHIZOPHR B;;;
61442;1297792;1232;SCB;SCHIZOPHRENIA BULL;;;
61450;1313406;131;SEBU;SERV BUS;;;
61451;1327738;5;SEBU;SERVICE BUSINESS;;;
61509;1298071;1113;SMBUEC;SMALL BUS ECON;;;
61510;1298432;39;SMBUEC;SMALL BUSINESS EC;;;
61605;1312214;126;SOCO1;SOCIOL COMPASS;;;
61608;1336491;3;SOCO1;SOCIOLOGY COMPASS;;;
61604;1300847;267;SOCO2;SOFT COMPUT;;;
61606;1312557;8;SOCO2;SOFT COMPUTING;;;
61744;1311742;332;STCOIN;STUD COMPUT INTELL;;;
61745;1312812;18;STCOIN;STUD COMP INTELL;;;
61868;1302159;175;STCOTE;STUD CONFL TERROR;;;
61867;1301417;92;STCOTE;STUDIES CONFLICT TER;;;
61903;1298396;1194;SODE1;SOC DEV;;;
61904;1298418;54;SODE1;SOCIAL DEV;;;
62003;1308868;108;SCED2;SCI EDUC;;;
62004;1319182;12;SCED2;SCI ED;;;
62020;1302822;480;SIEX;SIGKDD EXPLORATIONS;;;
62021;1313234;4;SIEX;SIGKDD EXPLOR;;;
62028;1298224;1476;SOED;SOCIOL EDUC;;;
62030;1337025;10;SOED;SOC EDUC;;;
62038;1302697;23;SOEP;SOCIAL EPISTEMOLOGY;;;
62040;1327515;5;SOEP;SOC EPISTEMOL;;;
62252;1297590;237;SCEFSCIM;SCH EFF SCH IMPROV;;;
62253;1297593;4;SCEFSCIM;SCH EFFECTIVENESS SCH IMPROV;;;
62297;1297177;7673;SOFO1;SOC FORCES;;;
62301;1301041;17;SOFO1;SOCIAL FORCES;;;
62298;1297578;701;SOFO2;SOCIOL FORUM;;;
62299;1298423;122;SOFO2;SOCIOLOGICAL FORUM;;;
62350;1298608;317;STFAPL;STUD FAMILY PLANN;;;
62351;1303445;8;STFAPL;STUD FAM PLANN;;;
62352;1303472;4;STFAPL;STUD FAM PLAN;;;
62422;1298215;640;SMGRRE;SMALL GR RES;;;
62423;1305379;62;SMGRRE;SMALL GROUP RES;;;
62496;1298475;248;STHIED;STUD HIGH EDUC;;;
62497;1317357;15;STHIED;STUDIES HIGHER ED;;;
62512;1297373;714;SOHEIL;SOCIOL HEALTH ILL;;;
62513;1318850;5;SOHEIL;SOCIOL HEALTH ILLN;;;
62622;1312929;100;SOIN;SOC INFLUENCE;;;
62615;1298383;3;SOIN;SOCIAL INFLUENCE;;;
62791;1297852;875;SOINRE;SOC INDIC RES;;;
62792;1300573;64;SOINRE;SOCIAL INDICATORS RE;;;
62905;1300488;624;SIJCO;SIAM J COMPUT;;;
62906;1305765;9;SIJCO;SIAM J COMPTNG;;;
62915;1298835;210;SCJCASC;SCAND J CARING SCI;;;
62916;1299421;17;SCJCASC;SCAND J CARING SCIENCES;;;
63008;1313751;207;SCJMA;SCAND J MANAG;;;
63005;1299164;99;SCJMA;SCANDINAVIAN J MANAG;;;
63006;1300040;4;SCJMA;SCANDINAV J MANAG;;;
63063;1298370;20;SCJPUHE;SCAND J PUBLIC HEALTH;;;
63064;1299910;294;SCJPUHE;SCAND J PUBLIC HEALT;;;
63557;1298151;2068;SOMERE;SOCIOL METHOD RES;;;
63364;1298596;564;SOMERE;SOCIOLOGICAL METHODS;;;
63559;1310943;6;SOMERE;SOC METHODS RES;;;
63503;1297176;8758;STMAJ;STRATEGIC MANAGE J;;;
63504;1300732;1553;STMAJ;STRATEG MANAGE J;;;
63505;1318162;6;STMAJ;STRATEG MANAG J;;;
63534;1297649;132;SIMOPRTH;SIMUL MODEL PRACT TH;;;
63535;1303047;16;SIMOPRTH;SIMUL MODEL PRACT THEORY;;;
63577;1315167;117;SOMOST;SOC MOVEMENT STUD;;;
63576;1302694;70;SOMOST;SOCIAL MOVEMENT STUD;;;
63627;1297197;50552;SONE1;SOC NETWORKS;;;
63628;1301572;61;SONE1;SOCIAL NETWORKS;;;
63629;1303292;64;SONE1;SOC NETW;;;
63631;1310227;24;SONE1;SOCIAL NETWORK;;;
63635;1316337;7;SONE1;SOCIAL NETW;;;
63634;1312097;62;SONE2;SOC NEUROSCI-UK;;;
63636;1319564;24;SONE2;SOC NEUROSCI;;;
63656;1312696;10849;SONEANMI;SOCIAL NETWORK ANAL;;;
63657;1330776;3;SONEANMI;SOCIAL NETWORKS ANAL;;;
63658;1311789;645;SONEANMI;SOC NETW ANAL MIN;;;
63659;1313366;7;SONEANMI;SOCIAL NETW ANAL MIN;;;
63660;1315722;7;SONEANMI;SOC NETW ANAL MINING;;;
63746;1312501;158;STOR;STRATEG ORGAN;;;
63744;1301025;102;STOR;STRATEGIC ORG;;;
63745;1304000;14;STOR;STRATEGIC ORGANIZATI;;;
63747;1313449;48;STOR;STRATEGIC ORGANIZATION;;;
63873;1297387;2167;SOPR;SOC PROBL;;;
63878;1310576;3;SOPR;SOCIAL PROBLEMS;;;
63874;1303892;3;SOPR;SOC PROBS;;;
63990;1299360;668;SOPREX;SOFTWARE PRACT EXPER;;;
63991;1300767;11;SOPREX;SOFTWARE PRACTICE EX;;;
64096;1297794;1257;SOPSPSEP;SOC PSYCH PSYCH EPID;;;
64097;1299066;196;SOPSPSEP;SOC PSYCHIAT PSYCHIAT EPIDEM;;;
64102;1298194;227;SOPSQ;SOCIAL PSYCHOL Q;;;
64103;1303895;12;SOPSQ;SOC PSYCHOL Q;;;
64106;1297698;2397;SOPSQ;SOC PSYCHOL QUART;;;
64107;1330270;4;SOPSQ;SOCIAL PSYCHOLOGY QU;;;
64110;1298757;131;SCPSRE;SCHOOL PSYCHOL REV;;;
64111;1308223;8;SCPSRE;SCH PSYCHOL REV;;;
64170;1298471;141;SOQ;SOCIOLOGICAL Q;;;
64171;1304869;8;SOQ;SOCIOL Q;;;
64173;1310698;5;SOQ;SOC Q;;;
64202;1313154;771;SCRE;SCI REP-UK;;;
64203;1313182;85;SCRE;SCI REP;;;
64204;1315417;24;SCRE;SCI REPORTS;;;
64227;1297218;366;SIRE;SIGMOD RECORD;;;
64230;1306512;505;SIRE;SIGMOD REC;;;
64244;1302539;9;SORE1;SOCIALIST REV;;;
64240;1298763;15;SORE1;SOCIALIST REVOLUTION;;;
64253;1311681;73;SORE2;SOCIO-ECON REV;;;
64243;1301070;11;SORE2;SOCIOECONOMIC REV;;;
64245;1303868;20;SORE3;SOCIOLOGICAL RES;;;
64254;1315791;3;SORE3;SOCIOLOGICAL RESEARC;;;
64307;1307011;101;SYREBESC;SYST RES BEHAV SCI;;;
64308;1311350;5;SYREBESC;SYSTEMS RES BEHAV SC;;;
64489;1300072;126;SOSP;SOCIOL SPECTRUM;;;
64490;1304447;7;SOSP;SOCIOLOGICAL SPECTRU;;;
64609;1297814;1438;SOSCCORE;SOC SCI COMPUT REV;;;
64610;1311810;5;SOSCCORE;SOCIAL SCIENCE COMPUTER REVIEW;;;
64671;1297310;287;SOSCIN;SOC SCI INFORM;;;
64674;1330770;3;SOSCIN;SOC SC INFORM;;;
64690;1299314;20;SOSPJ;SOCIOLOGY SPORT J;;;
64691;1299726;108;SOSPJ;SOCIOL SPORT J;;;
64725;1297137;14946;SOSCME;SOC SCI MED;;;
64726;1310494;9;SOSCME;SOCIAL SCI MED;;;
64793;1300008;139;SOSCQ;SOCIAL SCI Q;;;
64794;1305042;12;SOSCQ;SOC SCI Q;;;
64801;1298352;2019;SOSCRE1;SOC SCI RES;;;
64802;1310584;3;SOSCRE1;SOCIAL SCI RES;;;
64804;1310802;4;SOSCRE1;SOCIAL SCIENCE RESEA;;;
64807;1298500;144;SOSORE2;SOCIOL SOC RES;;;
64808;1306286;8;SOSORE2;SOC SOCIAL RES;;;
64895;1298499;100;SCTE;SCI TECHNOL;;;
64896;1322323;3;SCTE;SCI TECHNOLOGY;;;
64926;1297476;1120;SOTH;SOCIOLOGICAL THEORY;;;
64927;1298679;417;SOTH;SOCIOL THEOR;;;
64928;1300367;152;SOTH;SOCIOLOGICAL THEORIE;;;
64929;1302240;5;SOTH;SOCIOLOG THEOR;;;
64931;1311003;3;SOTH;SOC THEORY;;;
65183;1297385;533;SOWO;SOC WORK;;;
65184;1310533;3;SOWO;SOCIAL WORK;;;
65909;1297587;577;TECORE;TEACH COLL REC;;;
65910;1311537;3;TECORE;TEACHERS COLL RECORD;;;
65917;1299656;727;THCOSC;THEOR COMPUT SCI;;;
65918;1304351;6;THCOSC;THEORET COMPUT SCI;;;
65919;1317908;4;THCOSC;THEORETICAL COMPUTER SCIENCE;;;
66042;1327433;26;THEC2;THEOR ECOL-NETH;;;
66043;1348972;3;THEC2;THEOR ECOL;;;
66149;1297368;269;TIECSOGE;TIJDSCHR ECON SOC GE;;;
66150;1301063;7;TIECSOGE;TIJDSCHR ECON SOC GEOGR;;;
66311;1311988;677;TEIN;TELEMAT INFORM;;;
66307;1299907;34;TEIN;TELEMATICS INFORMATI;;;
66308;1307277;7;TEIN;TELEMATICS INFOMATIC;;;
66310;1311386;3;TEIN;TELEMATICS INFORM;;;
66312;1312491;59;TEIN;TELEMAT INFORMAT;;;
66703;1300470;1873;TOMA;TOURISM MANAGE;;;
66704;1313628;30;TOMA;TOURISM MANAGEMENT;;;
66960;1305998;180;TRPO;TRANSPORT POLICY;;;
66961;1322383;13;TRPO;TRANSP POLICY;;;
66969;1314176;118;TRPS;TRANSCULT PSYCHIATRY;;;
66966;1300002;6;TRPS;TRANSCULT PSYCHIAT;;;
66971;1348556;3;TRPS;TRANSL PSYCHIAT;;;
66983;1299195;339;THPOBI;THEOR POPUL BIOL;;;
66984;1300725;11;THPOBI;THEOR POP BIOL;;;
67218;1300663;164;TRRERE;TRANSPORT RES REC;;;
67220;1319986;5;TRRERE;TRANSPORTATION RESEARCH RECORD;;;
67259;1313647;7;TESO;TEMPO SOC;;;
67260;1322658;4;TESO;TEMPO SOC.;;;
68122;1297311;1861;URST;URBAN STUD;;;
68123;1297362;101;URST;URBAN STUDIES;;;
68336;1297404;222;VIAGWO;VIOLENCE AGAINST WOM;;;
68337;1297546;17;VIAGWO;VIOLENCE AGAINST WOMEN;;;
68646;1298649;104;VERE;VET REC;;;
68650;1357575;9;VERE;VET RECORD;;;
68765;1297399;138;VIVI;VIOLENCE VICTIMS;;;
68766;1297524;121;VIVI;VIOLENCE VICT;;;
69061;1297333;1969;WODE;WORLD DEV;;;
69062;1299960;68;WODE;WORLD DEVELOP;;;
69179;1297939;263;WOHE;WOMEN HEALTH;;;
69180;1320566;11;WOHE;WOMENS HEALTH;;;
69308;1297154;250;WEJNURE;WESTERN J NURS RES;;;
69309;1312112;13;WEJNURE;WEST J NURS RES;;;
69492;1313707;143;WOPS;WORLD PSYCHIATRY;;;
69491;1301485;17;WOPS;WORLD PSYCHIAT;;;
